{
	"format_version": "1.21.6",
	"credit": "Made with Blockbench",
	"texture_size": [32, 32],
	"textures": {
		"0": "enderscape:item/e_mirror",
		"1": "enderscape:item/mirror_outline",
		"particle": "enderscape:item/mirror"
	},
	"elements": [
		{
			"name": "mirror_0",
			"from": [8, 7, 7.5],
			"to": [14, 15, 8.5],
			"rotation": {"angle": 0, "axis": "y", "origin": [0, 0, 7.5]},
			"faces": {
				"north": {"uv": [14, 1, 8, 9], "texture": "#0"},
				"east": {"uv": [13, 1, 14, 9], "texture": "#0"},
				"south": {"uv": [8, 1, 14, 9], "texture": "#0"},
				"west": {"uv": [8, 1, 9, 9], "texture": "#0"},
				"up": {"uv": [8, 1, 14, 2], "texture": "#0"},
				"down": {"uv": [8, 8, 14, 9], "texture": "#0"}
			}
		},
		{
			"name": "mirror_1",
			"from": [7, 4, 7.5],
			"to": [8, 14, 8.5],
			"rotation": {"angle": 0, "axis": "y", "origin": [0, 0, 7.5]},
			"faces": {
				"north": {"uv": [8, 2, 7, 12], "texture": "#0"},
				"east": {"uv": [7, 2, 8, 12], "texture": "#0"},
				"south": {"uv": [7, 2, 8, 12], "texture": "#0"},
				"west": {"uv": [7, 2, 8, 12], "texture": "#0"},
				"up": {"uv": [7, 2, 8, 3], "texture": "#0"},
				"down": {"uv": [7, 11, 8, 12], "texture": "#0"}
			}
		},
		{
			"name": "mirror_2",
			"from": [14, 8, 7.5],
			"to": [15, 14, 8.5],
			"rotation": {"angle": 0, "axis": "y", "origin": [0, 0, 7.5]},
			"faces": {
				"north": {"uv": [15, 2, 14, 8], "texture": "#0"},
				"east": {"uv": [14, 2, 15, 8], "texture": "#0"},
				"south": {"uv": [14, 2, 15, 8], "texture": "#0"},
				"west": {"uv": [14, 2, 15, 8], "texture": "#0"},
				"up": {"uv": [14, 2, 15, 3], "texture": "#0"},
				"down": {"uv": [14, 7, 15, 8], "texture": "#0"}
			}
		},
		{
			"name": "mirror_3",
			"from": [6, 4, 7.5],
			"to": [7, 13, 8.5],
			"rotation": {"angle": 0, "axis": "y", "origin": [0, 0, 7.5]},
			"faces": {
				"north": {"uv": [7, 3, 6, 12], "texture": "#0"},
				"east": {"uv": [6, 3, 7, 12], "texture": "#0"},
				"south": {"uv": [6, 3, 7, 12], "texture": "#0"},
				"west": {"uv": [6, 3, 7, 12], "texture": "#0"},
				"up": {"uv": [6, 3, 7, 4], "texture": "#0"},
				"down": {"uv": [6, 11, 7, 12], "texture": "#0"}
			}
		},
		{
			"name": "mirror_4",
			"from": [5, 3, 7.5],
			"to": [6, 12, 8.5],
			"rotation": {"angle": 0, "axis": "y", "origin": [0, 0, 7.5]},
			"faces": {
				"north": {"uv": [6, 4, 5, 13], "texture": "#0"},
				"east": {"uv": [5, 4, 6, 13], "texture": "#0"},
				"south": {"uv": [5, 4, 6, 13], "texture": "#0"},
				"west": {"uv": [5, 4, 6, 13], "texture": "#0"},
				"up": {"uv": [5, 4, 6, 5], "texture": "#0"},
				"down": {"uv": [5, 12, 6, 13], "texture": "#0"}
			}
		},
		{
			"name": "mirror_5",
			"from": [4, 1, 7.5],
			"to": [5, 11, 8.5],
			"rotation": {"angle": 0, "axis": "y", "origin": [0, 0, 7.5]},
			"faces": {
				"north": {"uv": [5, 5, 4, 15], "texture": "#0"},
				"east": {"uv": [4, 5, 5, 15], "texture": "#0"},
				"south": {"uv": [4, 5, 5, 15], "texture": "#0"},
				"west": {"uv": [4, 5, 5, 15], "texture": "#0"},
				"up": {"uv": [4, 5, 5, 6], "texture": "#0"},
				"down": {"uv": [4, 14, 5, 15], "texture": "#0"}
			}
		},
		{
			"name": "mirror_6",
			"from": [8, 4, 7.5],
			"to": [11, 7, 8.5],
			"rotation": {"angle": 0, "axis": "y", "origin": [0, 0, 7.5]},
			"faces": {
				"north": {"uv": [11, 9, 8, 12], "texture": "#0"},
				"east": {"uv": [10, 9, 11, 12], "texture": "#0"},
				"south": {"uv": [8, 9, 11, 12], "texture": "#0"},
				"west": {"uv": [8, 9, 9, 12], "texture": "#0"},
				"up": {"uv": [8, 9, 11, 10], "texture": "#0"},
				"down": {"uv": [8, 11, 11, 12], "texture": "#0"}
			}
		},
		{
			"name": "mirror_7",
			"from": [11, 6, 7.5],
			"to": [13, 7, 8.5],
			"rotation": {"angle": 0, "axis": "y", "origin": [0, 0, 7.5]},
			"faces": {
				"north": {"uv": [13, 9, 11, 10], "texture": "#0"},
				"east": {"uv": [12, 9, 13, 10], "texture": "#0"},
				"south": {"uv": [11, 9, 13, 10], "texture": "#0"},
				"west": {"uv": [11, 9, 12, 10], "texture": "#0"},
				"up": {"uv": [11, 9, 13, 10], "texture": "#0"},
				"down": {"uv": [11, 9, 13, 10], "texture": "#0"}
			}
		},
		{
			"name": "mirror_8",
			"from": [3, 1, 7.5],
			"to": [4, 6, 8.5],
			"rotation": {"angle": 0, "axis": "y", "origin": [0, 0, 7.5]},
			"faces": {
				"north": {"uv": [4, 10, 3, 15], "texture": "#0"},
				"east": {"uv": [3, 10, 4, 15], "texture": "#0"},
				"south": {"uv": [3, 10, 4, 15], "texture": "#0"},
				"west": {"uv": [3, 10, 4, 15], "texture": "#0"},
				"up": {"uv": [3, 10, 4, 11], "texture": "#0"},
				"down": {"uv": [3, 14, 4, 15], "texture": "#0"}
			}
		},
		{
			"name": "mirror_9",
			"from": [11, 5, 7.5],
			"to": [12, 6, 8.5],
			"rotation": {"angle": 0, "axis": "y", "origin": [0, 0, 7.5]},
			"faces": {
				"north": {"uv": [12, 10, 11, 11], "texture": "#0"},
				"east": {"uv": [11, 10, 12, 11], "texture": "#0"},
				"south": {"uv": [11, 10, 12, 11], "texture": "#0"},
				"west": {"uv": [11, 10, 12, 11], "texture": "#0"},
				"up": {"uv": [11, 10, 12, 11], "texture": "#0"},
				"down": {"uv": [11, 10, 12, 11], "texture": "#0"}
			}
		},
		{
			"name": "mirror_10",
			"from": [1, 2, 7.5],
			"to": [3, 5, 8.5],
			"rotation": {"angle": 0, "axis": "y", "origin": [0, 0, 7.5]},
			"faces": {
				"north": {"uv": [3, 11, 1, 14], "texture": "#0"},
				"east": {"uv": [2, 11, 3, 14], "texture": "#0"},
				"south": {"uv": [1, 11, 3, 14], "texture": "#0"},
				"west": {"uv": [1, 11, 2, 14], "texture": "#0"},
				"up": {"uv": [1, 11, 3, 12], "texture": "#0"},
				"down": {"uv": [1, 13, 3, 14], "texture": "#0"}
			}
		},
		{
			"name": "mirror_11",
			"from": [2, 1, 7.5],
			"to": [3, 2, 8.5],
			"rotation": {"angle": 0, "axis": "y", "origin": [0, 0, 7.5]},
			"faces": {
				"north": {"uv": [3, 14, 2, 15], "texture": "#0"},
				"east": {"uv": [2, 14, 3, 15], "texture": "#0"},
				"south": {"uv": [2, 14, 3, 15], "texture": "#0"},
				"west": {"uv": [2, 14, 3, 15], "texture": "#0"},
				"up": {"uv": [2, 14, 3, 15], "texture": "#0"},
				"down": {"uv": [2, 14, 3, 15], "texture": "#0"}
			}
		},
		{
			"name": "mirror_0_outline",
			"from": [14.1, 15.1, 8.6],
			"to": [7.9, 6.9, 7.4],
			"rotation": {"angle": 0, "axis": "y", "origin": [0, 0, 7.5]},
			"faces": {
				"north": {"uv": [0, 0, 3, 4], "texture": "#1"},
				"east": {"uv": [7, 3, 7.5, 7], "texture": "#1"},
				"south": {"uv": [3, 0, 6, 4], "texture": "#1"},
				"west": {"uv": [7, 7, 7.5, 11], "texture": "#1"},
				"up": {"uv": [10.5, 3.5, 7.5, 3], "texture": "#1"},
				"down": {"uv": [10.5, 3.5, 7.5, 4], "texture": "#1"}
			}
		},
		{
			"name": "mirror_1_outline",
			"from": [8.1, 14.1, 8.6],
			"to": [6.9, 3.9, 7.4],
			"rotation": {"angle": 0, "axis": "y", "origin": [0, 0, 7.5]},
			"faces": {
				"north": {"uv": [0, 4, 0.5, 9], "texture": "#1"},
				"east": {"uv": [0.5, 4, 1, 9], "texture": "#1"},
				"south": {"uv": [1, 4, 1.5, 9], "texture": "#1"},
				"west": {"uv": [1.5, 4, 2, 9], "texture": "#1"},
				"up": {"uv": [9.5, 6, 9, 5.5], "texture": "#1"},
				"down": {"uv": [6.5, 9, 6, 9.5], "texture": "#1"}
			}
		},
		{
			"name": "mirror_2_outline",
			"from": [15.1, 14.1, 8.6],
			"to": [13.9, 7.9, 7.4],
			"rotation": {"angle": 0, "axis": "y", "origin": [0, 0, 7.5]},
			"faces": {
				"north": {"uv": [7.5, 4, 8, 7], "texture": "#1"},
				"east": {"uv": [7.5, 7, 8, 10], "texture": "#1"},
				"south": {"uv": [8, 4, 8.5, 7], "texture": "#1"},
				"west": {"uv": [8, 7, 8.5, 10], "texture": "#1"},
				"up": {"uv": [9.5, 6.5, 9, 6], "texture": "#1"},
				"down": {"uv": [7, 9, 6.5, 9.5], "texture": "#1"}
			}
		},
		{
			"name": "mirror_3_outline",
			"from": [7.1, 13.1, 8.6],
			"to": [5.9, 3.9, 7.4],
			"rotation": {"angle": 0, "axis": "y", "origin": [0, 0, 7.5]},
			"faces": {
				"north": {"uv": [4, 4, 4.5, 8.5], "texture": "#1"},
				"east": {"uv": [4.5, 4, 5, 8.5], "texture": "#1"},
				"south": {"uv": [5, 4, 5.5, 8.5], "texture": "#1"},
				"west": {"uv": [5.5, 4, 6, 8.5], "texture": "#1"},
				"up": {"uv": [9.5, 7, 9, 6.5], "texture": "#1"},
				"down": {"uv": [9.5, 7, 9, 7.5], "texture": "#1"}
			}
		},
		{
			"name": "mirror_4_outline",
			"from": [6.1, 12.1, 8.6],
			"to": [4.9, 2.9, 7.4],
			"rotation": {"angle": 0, "axis": "y", "origin": [0, 0, 7.5]},
			"faces": {
				"north": {"uv": [6, 0, 6.5, 4.5], "texture": "#1"},
				"east": {"uv": [6, 4.5, 6.5, 9], "texture": "#1"},
				"south": {"uv": [6.5, 0, 7, 4.5], "texture": "#1"},
				"west": {"uv": [6.5, 4.5, 7, 9], "texture": "#1"},
				"up": {"uv": [9.5, 8, 9, 7.5], "texture": "#1"},
				"down": {"uv": [9, 9, 8.5, 9.5], "texture": "#1"}
			}
		},
		{
			"name": "mirror_5_outline",
			"from": [5.1, 11.1, 8.6],
			"to": [3.9, 0.9, 7.4],
			"rotation": {"angle": 0, "axis": "y", "origin": [0, 0, 7.5]},
			"faces": {
				"north": {"uv": [2, 4, 2.5, 9], "texture": "#1"},
				"east": {"uv": [2.5, 4, 3, 9], "texture": "#1"},
				"south": {"uv": [3, 4, 3.5, 9], "texture": "#1"},
				"west": {"uv": [3.5, 4, 4, 9], "texture": "#1"},
				"up": {"uv": [9.5, 9.5, 9, 9], "texture": "#1"},
				"down": {"uv": [10, 0, 9.5, 0.5], "texture": "#1"}
			}
		},
		{
			"name": "mirror_6_outline",
			"from": [11.1, 7.1, 8.6],
			"to": [7.9, 3.9, 7.4],
			"rotation": {"angle": 0, "axis": "y", "origin": [0, 0, 7.5]},
			"faces": {
				"north": {"uv": [7, 0, 8.5, 1.5], "texture": "#1"},
				"east": {"uv": [5.5, 8.5, 6, 10], "texture": "#1"},
				"south": {"uv": [7, 1.5, 8.5, 3], "texture": "#1"},
				"west": {"uv": [8.5, 6.5, 9, 8], "texture": "#1"},
				"up": {"uv": [10, 8.5, 8.5, 8], "texture": "#1"},
				"down": {"uv": [10, 8.5, 8.5, 9], "texture": "#1"}
			}
		},
		{
			"name": "mirror_7_outline",
			"from": [13.1, 7.1, 8.6],
			"to": [10.9, 5.9, 7.4],
			"rotation": {"angle": 0, "axis": "y", "origin": [0, 0, 7.5]},
			"faces": {
				"north": {"uv": [1, 9, 2, 9.5], "texture": "#1"},
				"east": {"uv": [9.5, 0.5, 10, 1], "texture": "#1"},
				"south": {"uv": [2, 9, 3, 9.5], "texture": "#1"},
				"west": {"uv": [1, 9.5, 1.5, 10], "texture": "#1"},
				"up": {"uv": [4, 9.5, 3, 9], "texture": "#1"},
				"down": {"uv": [10, 4, 9, 4.5], "texture": "#1"}
			}
		},
		{
			"name": "mirror_8_outline",
			"from": [4.1, 6.1, 8.6],
			"to": [2.9, 0.9, 7.4],
			"rotation": {"angle": 0, "axis": "y", "origin": [0, 0, 7.5]},
			"faces": {
				"north": {"uv": [4, 8.5, 4.5, 11], "texture": "#1"},
				"east": {"uv": [8.5, 4, 9, 6.5], "texture": "#1"},
				"south": {"uv": [4.5, 8.5, 5, 11], "texture": "#1"},
				"west": {"uv": [5, 8.5, 5.5, 11], "texture": "#1"},
				"up": {"uv": [10, 1.5, 9.5, 1], "texture": "#1"},
				"down": {"uv": [2, 9.5, 1.5, 10], "texture": "#1"}
			}
		},
		{
			"name": "mirror_9_outline",
			"from": [12.1, 6.1, 8.6],
			"to": [10.9, 4.9, 7.4],
			"rotation": {"angle": 0, "axis": "y", "origin": [0, 0, 7.5]},
			"faces": {
				"north": {"uv": [9.5, 1.5, 10, 2], "texture": "#1"},
				"east": {"uv": [2, 9.5, 2.5, 10], "texture": "#1"},
				"south": {"uv": [9.5, 2, 10, 2.5], "texture": "#1"},
				"west": {"uv": [2.5, 9.5, 3, 10], "texture": "#1"},
				"up": {"uv": [10, 3, 9.5, 2.5], "texture": "#1"},
				"down": {"uv": [3.5, 9.5, 3, 10], "texture": "#1"}
			}
		},
		{
			"name": "mirror_10_outline",
			"from": [3.1, 5.1, 8.6],
			"to": [0.9, 1.9, 7.4],
			"rotation": {"angle": 0, "axis": "y", "origin": [0, 0, 7.5]},
			"faces": {
				"north": {"uv": [8.5, 0, 9.5, 1.5], "texture": "#1"},
				"east": {"uv": [0, 9, 0.5, 10.5], "texture": "#1"},
				"south": {"uv": [8.5, 1.5, 9.5, 3], "texture": "#1"},
				"west": {"uv": [0.5, 9, 1, 10.5], "texture": "#1"},
				"up": {"uv": [10, 5, 9, 4.5], "texture": "#1"},
				"down": {"uv": [10, 5, 9, 5.5], "texture": "#1"}
			}
		},
		{
			"name": "mirror_11_outline",
			"from": [3.1, 2.1, 8.6],
			"to": [1.9, 0.9, 7.4],
			"rotation": {"angle": 0, "axis": "y", "origin": [0, 0, 7.5]},
			"faces": {
				"north": {"uv": [3.5, 9.5, 4, 10], "texture": "#1"},
				"east": {"uv": [9.5, 5.5, 10, 6], "texture": "#1"},
				"south": {"uv": [6, 9.5, 6.5, 10], "texture": "#1"},
				"west": {"uv": [9.5, 6, 10, 6.5], "texture": "#1"},
				"up": {"uv": [7, 10, 6.5, 9.5], "texture": "#1"},
				"down": {"uv": [10, 6.5, 9.5, 7], "texture": "#1"}
			}
		}
	],
	"display": {
		"thirdperson_righthand": {
			"rotation": [0, -90, 55],
			"translation": [0, 4, 0.5],
			"scale": [0.85, 0.85, 0.85]
		},
		"thirdperson_lefthand": {
			"rotation": [0, 90, -55],
			"translation": [0, 4, 0.5],
			"scale": [0.85, 0.85, 0.85]
		},
		"firstperson_righthand": {
			"rotation": [0, -90, 25],
			"translation": [1.13, 3.2, 1.13],
			"scale": [0.68, 0.68, 0.68]
		},
		"firstperson_lefthand": {
			"rotation": [0, 90, -25],
			"translation": [1.13, 3.2, 1.13],
			"scale": [0.68, 0.68, 0.68]
		}
	},
	"groups": [
		{
			"name": "mirror",
			"origin": [8, 8, 8],
			"color": 0,
			"children": [0, 1, 2, 3, 4, 5, 6, 7, 8, 9, 10, 11]
		},
		{
			"name": "group",
			"origin": [0, 0, 7.5],
			"color": 0,
			"children": [12, 13, 14, 15, 16, 17, 18, 19, 20, 21, 22, 23]
		}
	]
}