{
	"format_version": "1.21.6",
	"credit": "Made with Blockbench",
	"texture_size": [32, 32],
	"textures": {
		"1": "item/cat_spawn_egg_hand",
		"particle": "item/cat_spawn_egg_hand"
	},
	"elements": [
		{
			"name": "egg",
			"from": [5, 0, 5],
			"to": [11, 7, 11],
			"rotation": {"angle": 0, "axis": "y", "origin": [5, 0, 5]},
			"faces": {
				"north": {"uv": [0, 0, 3, 3.5], "texture": "#1"},
				"east": {"uv": [6, 0, 3, 3.5], "texture": "#1"},
				"south": {"uv": [0, 3.5, 3, 7], "texture": "#1"},
				"west": {"uv": [3, 0, 6, 3.5], "texture": "#1"},
				"up": {"uv": [6, 6.5, 3, 3.5], "texture": "#1"},
				"down": {"uv": [9, 0, 6, 3], "texture": "#1"}
			}
		},
		{
			"from": [5, 7, 8],
			"to": [7, 8.3, 9],
			"rotation": {"angle": 0, "axis": "y", "origin": [6, 7.65, 8.5]},
			"faces": {
				"north": {"uv": [6, 7, 7, 7.5], "texture": "#1"},
				"east": {"uv": [2.5, 7.5, 3, 8], "texture": "#1"},
				"south": {"uv": [3, 7, 2, 7.5], "texture": "#1"},
				"west": {"uv": [2.5, 8, 3, 8.5], "texture": "#1"},
				"up": {"uv": [7.5, 7, 7, 8], "rotation": 90, "texture": "#1"},
				"down": {"uv": [2.5, 7.5, 2, 8.5], "rotation": 270, "texture": "#1"}
			}
		},
		{
			"from": [9, 7, 8],
			"to": [11, 8.3, 9],
			"rotation": {"angle": 0, "axis": "y", "origin": [10, 7.65, 8.5]},
			"faces": {
				"north": {"uv": [7, 7, 6, 7.5], "texture": "#1"},
				"east": {"uv": [2.5, 8, 3, 8.5], "texture": "#1"},
				"south": {"uv": [2, 7, 3, 7.5], "texture": "#1"},
				"west": {"uv": [2.5, 7.5, 3, 8], "texture": "#1"},
				"up": {"uv": [7, 7, 7.5, 8], "rotation": 270, "texture": "#1"},
				"down": {"uv": [2, 7.5, 2.5, 8.5], "rotation": 90, "texture": "#1"}
			}
		},
		{
			"from": [2.1, 1, 7],
			"to": [5.1, 5, 7],
			"rotation": {"angle": 20, "axis": "y", "origin": [3.6, 3, 7]},
			"faces": {
				"north": {"uv": [9, 0, 10.5, 2], "texture": "#1"},
				"east": {"uv": [0, 0, 0, 2], "texture": "#1"},
				"south": {"uv": [10.5, 0, 9, 2], "texture": "#1"},
				"west": {"uv": [0, 0, 0, 2], "texture": "#1"},
				"up": {"uv": [0, 0, 1.5, 0], "texture": "#1"},
				"down": {"uv": [0, 0, 1.5, 0], "texture": "#1"}
			}
		},
		{
			"from": [10.9, 1, 7],
			"to": [13.9, 5, 7],
			"rotation": {"angle": -20, "axis": "y", "origin": [12.4, 3, 7]},
			"faces": {
				"north": {"uv": [10.5, 0, 9, 2], "texture": "#1"},
				"east": {"uv": [0, 0, 0, 2], "texture": "#1"},
				"south": {"uv": [9, 0, 10.5, 2], "texture": "#1"},
				"west": {"uv": [0, 0, 0, 2], "texture": "#1"},
				"up": {"uv": [1.5, 0, 0, 0], "texture": "#1"},
				"down": {"uv": [1.5, 0, 0, 0], "texture": "#1"}
			}
		},
		{
			"from": [6, 0, 4],
			"to": [10, 3, 5],
			"rotation": {"angle": 0, "axis": "y", "origin": [6, 0, 3]},
			"faces": {
				"north": {"uv": [6, 3.5, 8, 5], "texture": "#1"},
				"east": {"uv": [6, 3.5, 6.5, 5], "texture": "#1"},
				"south": {"uv": [0, 0, 2, 1.5], "texture": "#1"},
				"west": {"uv": [7.5, 3.5, 8, 5], "texture": "#1"},
				"up": {"uv": [8, 4, 6, 4.5], "texture": "#1"},
				"down": {"uv": [6, 4.5, 8, 5], "texture": "#1"}
			}
		}
	],
	"display": {
		"thirdperson_righthand": {
			"rotation": [0, 90, 0],
			"translation": [0, 4.95, 1.5],
			"scale": [0.62, 0.62, 0.62]
		},
		"thirdperson_lefthand": {
			"rotation": [0, 90, 0],
			"translation": [0, 4.95, 1.5],
			"scale": [0.62, 0.62, 0.62]
		},
		"firstperson_righthand": {
			"rotation": [0.73, 114, -0.13],
			"translation": [-3.5, 6.75, 5],
			"scale": [0.31, 0.35, 0.31]
		},
		"firstperson_lefthand": {
			"rotation": [0.73, 114, -0.13],
			"translation": [-3.5, 6.75, 5],
			"scale": [0.31, 0.35, 0.31]
		}
	}
}