{
	"format_version": "1.21.6",
	"credit": "Made with Blockbench",
	"ambientocclusion": false,
	"textures": {
		"4": "item/comparator_hand",
		"particle": "item/redstone_torch_hand",
		"torch": "item/redstone_torch_hand"
	},
	"elements": [
		{
			"from": [2.79825, -0.393, 2.97925],
			"to": [13.19825, 2.057, 13.37925],
			"rotation": {"angle": 0, "axis": "y", "origin": [2.79825, 0.107, 2.97925]},
			"faces": {
				"north": {"uv": [5, 0, 10, 1], "texture": "#4", "cullface": "north"},
				"east": {"uv": [5, 0, 10, 1], "texture": "#4", "cullface": "east"},
				"south": {"uv": [5, 0, 10, 1], "texture": "#4", "cullface": "south"},
				"west": {"uv": [5, 0, 10, 1], "texture": "#4", "cullface": "west"},
				"up": {"uv": [5, 5, 0, 0], "texture": "#4"},
				"down": {"uv": [5, 5, 0, 10], "texture": "#4", "cullface": "down"}
			}
		},
		{
			"from": [4.7436, 2.0444, 10.1186],
			"to": [6.0964, 5.4264, 11.4714],
			"shade": false,
			"light_emission": 7,
			"rotation": {"angle": 0, "axis": "y", "origin": [0.0088, -1.3376, 5.3838]},
			"faces": {
				"north": {"uv": [6, 6, 8, 11], "texture": "#torch"},
				"east": {"uv": [1, 6, 3, 11], "texture": "#torch"},
				"south": {"uv": [6, 6, 8, 11], "texture": "#torch"},
				"west": {"uv": [1, 6, 3, 11], "texture": "#torch"},
				"up": {"uv": [4, 6, 6, 8], "texture": "#torch"},
				"down": {"uv": [3, 9, 5, 11], "texture": "#torch", "cullface": "down"}
			}
		},
		{
			"from": [4.4054, 3.7354, 9.7804],
			"to": [6.4346, 3.7354, 11.8096],
			"shade": false,
			"light_emission": 7,
			"rotation": {"angle": 0, "axis": "y", "origin": [0.0088, -1.3376, 5.3838]},
			"faces": {
				"up": {"uv": [2, 5, 3, 6], "texture": "#torch"}
			}
		},
		{
			"from": [4.4054, 5.7646, 9.7804],
			"to": [6.4346, 5.7646, 11.8096],
			"shade": false,
			"light_emission": 7,
			"rotation": {"angle": 0, "axis": "y", "origin": [0.0088, -1.3376, 5.3838]},
			"faces": {
				"down": {"uv": [1, 5, 2, 6], "texture": "#torch", "cullface": "up"}
			}
		},
		{
			"from": [4.4054, 3.7354, 9.7804],
			"to": [6.4346, 5.7646, 9.7804],
			"shade": false,
			"light_emission": 7,
			"rotation": {"angle": 0, "axis": "y", "origin": [0.0088, -1.3376, 5.3838]},
			"faces": {
				"south": {"uv": [3, 6, 4, 7], "texture": "#torch"}
			}
		},
		{
			"from": [6.4346, 3.7354, 9.7804],
			"to": [6.4346, 5.7646, 11.8096],
			"shade": false,
			"light_emission": 7,
			"rotation": {"angle": 0, "axis": "y", "origin": [0.0088, -1.3376, 5.3838]},
			"faces": {
				"west": {"uv": [0, 7, 1, 8], "texture": "#torch"}
			}
		},
		{
			"from": [4.4054, 3.7354, 11.8096],
			"to": [6.4346, 5.7646, 11.8096],
			"shade": false,
			"light_emission": 7,
			"rotation": {"angle": 0, "axis": "y", "origin": [0.0088, -1.3376, 5.3838]},
			"faces": {
				"north": {"uv": [0, 6, 1, 7], "texture": "#torch"}
			}
		},
		{
			"from": [4.4054, 3.7354, 9.7804],
			"to": [4.4054, 5.7646, 11.8096],
			"shade": false,
			"light_emission": 7,
			"rotation": {"angle": 0, "axis": "y", "origin": [0.0088, -1.3376, 5.3838]},
			"faces": {
				"east": {"uv": [3, 7, 4, 8], "texture": "#torch"}
			}
		},
		{
			"from": [9.9436, 2.0444, 10.1186],
			"to": [11.2964, 5.4264, 11.4714],
			"shade": false,
			"light_emission": 7,
			"rotation": {"angle": 0, "axis": "y", "origin": [5.2088, -1.3376, 5.3838]},
			"faces": {
				"north": {"uv": [6, 6, 8, 11], "texture": "#torch"},
				"east": {"uv": [1, 6, 3, 11], "texture": "#torch"},
				"south": {"uv": [6, 6, 8, 11], "texture": "#torch"},
				"west": {"uv": [1, 6, 3, 11], "texture": "#torch"},
				"up": {"uv": [4, 6, 6, 8], "texture": "#torch"},
				"down": {"uv": [3, 9, 5, 11], "texture": "#torch", "cullface": "down"}
			}
		},
		{
			"from": [9.6054, 3.7354, 9.7804],
			"to": [11.6346, 3.7354, 11.8096],
			"shade": false,
			"light_emission": 7,
			"rotation": {"angle": 0, "axis": "y", "origin": [5.2088, -1.3376, 5.3838]},
			"faces": {
				"up": {"uv": [2, 5, 3, 6], "texture": "#torch"}
			}
		},
		{
			"from": [9.6054, 5.7646, 9.7804],
			"to": [11.6346, 5.7646, 11.8096],
			"shade": false,
			"light_emission": 7,
			"rotation": {"angle": 0, "axis": "y", "origin": [5.2088, -1.3376, 5.3838]},
			"faces": {
				"down": {"uv": [1, 5, 2, 6], "texture": "#torch", "cullface": "up"}
			}
		},
		{
			"from": [9.6054, 3.7354, 9.7804],
			"to": [11.6346, 5.7646, 9.7804],
			"shade": false,
			"light_emission": 7,
			"rotation": {"angle": 0, "axis": "y", "origin": [5.2088, -1.3376, 5.3838]},
			"faces": {
				"south": {"uv": [3, 6, 4, 7], "texture": "#torch"}
			}
		},
		{
			"from": [11.6346, 3.7354, 9.7804],
			"to": [11.6346, 5.7646, 11.8096],
			"shade": false,
			"light_emission": 7,
			"rotation": {"angle": 0, "axis": "y", "origin": [5.2088, -1.3376, 5.3838]},
			"faces": {
				"west": {"uv": [0, 7, 1, 8], "texture": "#torch"}
			}
		},
		{
			"from": [9.6054, 3.7354, 11.8096],
			"to": [11.6346, 5.7646, 11.8096],
			"shade": false,
			"light_emission": 7,
			"rotation": {"angle": 0, "axis": "y", "origin": [5.2088, -1.3376, 5.3838]},
			"faces": {
				"north": {"uv": [0, 6, 1, 7], "texture": "#torch"}
			}
		},
		{
			"from": [9.6054, 3.7354, 9.7804],
			"to": [9.6054, 5.7646, 11.8096],
			"shade": false,
			"light_emission": 7,
			"rotation": {"angle": 0, "axis": "y", "origin": [5.2088, -1.3376, 5.3838]},
			"faces": {
				"east": {"uv": [3, 7, 4, 8], "texture": "#torch"}
			}
		},
		{
			"from": [7.3186, 2.0444, 4.7686],
			"to": [8.6714, 5.4264, 6.1214],
			"shade": false,
			"light_emission": 7,
			"rotation": {"angle": 0, "axis": "y", "origin": [2.5838, -1.3376, 0.0338]},
			"faces": {
				"north": {"uv": [6, 6, 8, 11], "texture": "#torch"},
				"east": {"uv": [1, 6, 3, 11], "texture": "#torch"},
				"south": {"uv": [6, 6, 8, 11], "texture": "#torch"},
				"west": {"uv": [1, 6, 3, 11], "texture": "#torch"},
				"up": {"uv": [4, 6, 6, 8], "texture": "#torch"},
				"down": {"uv": [3, 9, 5, 11], "texture": "#torch", "cullface": "down"}
			}
		},
		{
			"from": [6.9804, 3.7354, 4.4304],
			"to": [9.0096, 3.7354, 6.4596],
			"shade": false,
			"light_emission": 7,
			"rotation": {"angle": 0, "axis": "y", "origin": [2.5838, -1.3376, 0.0338]},
			"faces": {
				"up": {"uv": [2, 5, 3, 6], "texture": "#torch"}
			}
		},
		{
			"from": [6.9804, 5.7646, 4.4304],
			"to": [9.0096, 5.7646, 6.4596],
			"shade": false,
			"light_emission": 7,
			"rotation": {"angle": 0, "axis": "y", "origin": [2.5838, -1.3376, 0.0338]},
			"faces": {
				"down": {"uv": [1, 5, 2, 6], "texture": "#torch", "cullface": "up"}
			}
		},
		{
			"from": [6.9804, 3.7354, 4.4304],
			"to": [9.0096, 5.7646, 4.4304],
			"shade": false,
			"light_emission": 7,
			"rotation": {"angle": 0, "axis": "y", "origin": [2.5838, -1.3376, 0.0338]},
			"faces": {
				"south": {"uv": [3, 6, 4, 7], "texture": "#torch"}
			}
		},
		{
			"from": [9.0096, 3.7354, 4.4304],
			"to": [9.0096, 5.7646, 6.4596],
			"shade": false,
			"light_emission": 7,
			"rotation": {"angle": 0, "axis": "y", "origin": [2.5838, -1.3376, 0.0338]},
			"faces": {
				"west": {"uv": [0, 7, 1, 8], "texture": "#torch"}
			}
		},
		{
			"from": [6.9804, 3.7354, 6.4596],
			"to": [9.0096, 5.7646, 6.4596],
			"shade": false,
			"light_emission": 7,
			"rotation": {"angle": 0, "axis": "y", "origin": [2.5838, -1.3376, 0.0338]},
			"faces": {
				"north": {"uv": [0, 6, 1, 7], "texture": "#torch"}
			}
		},
		{
			"from": [6.9804, 3.7354, 4.4304],
			"to": [6.9804, 5.7646, 6.4596],
			"shade": false,
			"light_emission": 7,
			"rotation": {"angle": 0, "axis": "y", "origin": [2.5838, -1.3376, 0.0338]},
			"faces": {
				"east": {"uv": [3, 7, 4, 8], "texture": "#torch"}
			}
		}
	],
	"display": {
		"thirdperson_righthand": {
			"rotation": [90, 0, 0],
			"translation": [0, 2.5, 6],
			"scale": [0.61, 0.61, 0.61]
		},
		"thirdperson_lefthand": {
			"rotation": [90, 0, 0],
			"translation": [0, 2.5, 6],
			"scale": [0.61, 0.61, 0.61]
		},
		"firstperson_righthand": {
			"rotation": [-0.54, 20.99, 0.13],
			"translation": [-1.5, 6.5, 3],
			"scale": [0.45, 0.48, 0.43]
		},
		"firstperson_lefthand": {
			"rotation": [-0.54, 20.99, 0.13],
			"translation": [-1.5, 6.5, 3],
			"scale": [0.45, 0.48, 0.43]
		}
	},
	"groups": [
		0,
		{
			"name": "group",
			"origin": [0, 0, 0],
			"color": 0,
			"children": [
				1,
				2,
				3,
				4,
				5,
				6,
				7,
				{
					"name": "group",
					"origin": [0, 0, 0],
					"color": 0,
					"children": [
						8,
						9,
						10,
						11,
						12,
						13,
						14,
						{
							"name": "group",
							"origin": [0, 0, 0],
							"color": 0,
							"children": [15, 16, 17, 18, 19, 20, 21]
						}
					]
				}
			]
		}
	]
}