{
	"format_version": "1.21.6",
	"credit": "Made with Blockbench",
	"texture_size": [32, 32],
	"textures": {
		"2": "item/creaking_spawn_egg_hand"
	},
	"elements": [
		{
			"name": "egg",
			"from": [5, 0, 5],
			"to": [11, 8, 11],
			"rotation": {"angle": 0, "axis": "y", "origin": [5, 0, 5]},
			"faces": {
				"north": {"uv": [0, 0, 3, 4], "texture": "#2"},
				"east": {"uv": [3, 0, 6, 4], "texture": "#2"},
				"south": {"uv": [0, 4, 3, 8], "texture": "#2"},
				"west": {"uv": [6, 0, 3, 4], "texture": "#2"},
				"up": {"uv": [9, 3, 6, 0], "texture": "#2"},
				"down": {"uv": [9, 3, 6, 6], "texture": "#2"}
			}
		},
		{
			"from": [5, 8, 5],
			"to": [11, 9, 11],
			"rotation": {"angle": 0, "axis": "y", "origin": [5, 8, 5]},
			"faces": {
				"north": {"uv": [6, 6, 9, 6.5], "texture": "#2"},
				"east": {"uv": [6, 6.5, 9, 7], "texture": "#2"},
				"south": {"uv": [6, 6, 9, 6.5], "texture": "#2"},
				"west": {"uv": [6, 6.5, 9, 7], "texture": "#2"},
				"up": {"uv": [6, 7, 3, 4], "texture": "#2"},
				"down": {"uv": [6, 4, 3, 7], "texture": "#2"}
			}
		},
		{
			"name": "cube_outline",
			"from": [11, 9, 11],
			"to": [5, 8, 5],
			"rotation": {"angle": 0, "axis": "y", "origin": [5, 8, 5]},
			"faces": {
				"north": {"uv": [9, 6, 6, 6.5], "rotation": 180, "texture": "#2"},
				"east": {"uv": [9, 6.5, 6, 7], "rotation": 180, "texture": "#2"},
				"south": {"uv": [9, 6, 6, 6.5], "rotation": 180, "texture": "#2"},
				"west": {"uv": [9, 6.5, 6, 7], "rotation": 180, "texture": "#2"},
				"up": {"uv": [6, 4, 3, 7], "rotation": 180, "texture": "#2"},
				"down": {"uv": [6, 7, 3, 4], "rotation": 180, "texture": "#2"}
			}
		},
		{
			"from": [2, 0, 8],
			"to": [14, 8, 8],
			"rotation": {"angle": 0, "axis": "y", "origin": [3, 0, 7]},
			"faces": {
				"north": {"uv": [0, 8, 6, 12], "texture": "#2"},
				"east": {"uv": [0, 0, 0, 4], "texture": "#2"},
				"south": {"uv": [0, 8, 6, 12], "texture": "#2"},
				"west": {"uv": [0, 0, 0, 4], "texture": "#2"},
				"up": {"uv": [0, 0, 6, 0], "texture": "#2"},
				"down": {"uv": [0, 0, 6, 0], "texture": "#2"}
			}
		}
	],
	"display": {
		"thirdperson_righthand": {
			"rotation": [0, 90, 0],
			"translation": [0, 4.95, 1.5],
			"scale": [0.62, 0.62, 0.62]
		},
		"thirdperson_lefthand": {
			"rotation": [0, 90, 0],
			"translation": [0, 4.95, 1.5],
			"scale": [0.62, 0.62, 0.62]
		},
		"firstperson_righthand": {
			"rotation": [0.73, 114, -0.13],
			"translation": [-3.5, 6.75, 5],
			"scale": [0.31, 0.35, 0.31]
		},
		"firstperson_lefthand": {
			"rotation": [0.73, 114, -0.13],
			"translation": [-3.5, 6.75, 5],
			"scale": [0.31, 0.35, 0.31]
		}
	}
}