{
	"format_version": "1.21.6",
	"credit": "Made with Blockbench",
	"texture_size": [32, 32],
	"textures": {
		"2": "item/donkey_spawn_egg_hand"
	},
	"elements": [
		{
			"name": "egg",
			"from": [5, 0, 5],
			"to": [11, 7, 11],
			"rotation": {"angle": 0, "axis": "y", "origin": [5, 0, 5]},
			"faces": {
				"north": {"uv": [0, 0.5, 3, 4], "texture": "#2"},
				"east": {"uv": [3, 0.5, 6, 4], "texture": "#2"},
				"south": {"uv": [3, 0.5, 6, 4], "texture": "#2"},
				"west": {"uv": [3, 0.5, 6, 4], "texture": "#2"},
				"up": {"uv": [3, 7, 0, 4], "texture": "#2"},
				"down": {"uv": [6, 4, 3, 7], "texture": "#2"}
			}
		},
		{
			"from": [6, 0, 3],
			"to": [10, 3, 5],
			"rotation": {"angle": 0, "axis": "y", "origin": [5, 0, 3]},
			"faces": {
				"north": {"uv": [2, 7, 4, 8.5], "texture": "#2"},
				"east": {"uv": [6, 8, 7, 9.5], "texture": "#2"},
				"south": {"uv": [4, 7, 6, 8.5], "texture": "#2"},
				"west": {"uv": [2, 8.5, 3, 10], "texture": "#2"},
				"up": {"uv": [9.5, 1, 7.5, 0], "texture": "#2"},
				"down": {"uv": [9.5, 1, 7.5, 2], "texture": "#2"}
			}
		},
		{
			"from": [9, 6.85, 8],
			"to": [11, 10.85, 9],
			"rotation": {"angle": -12.5, "axis": "x", "origin": [8, 8.35, 8.5]},
			"faces": {
				"north": {"uv": [7.5, 2, 8.5, 4], "texture": "#2"},
				"east": {"uv": [7, 8, 7.5, 10], "texture": "#2"},
				"south": {"uv": [7.5, 4, 8.5, 6], "texture": "#2"},
				"west": {"uv": [8.5, 2, 9, 4], "texture": "#2"},
				"up": {"uv": [4, 9, 3, 8.5], "texture": "#2"},
				"down": {"uv": [5, 8.5, 4, 9], "texture": "#2"}
			}
		},
		{
			"from": [5, 6.85, 8],
			"to": [7, 10.85, 9],
			"rotation": {"angle": -12.5, "axis": "x", "origin": [8, 8.35, 8.5]},
			"faces": {
				"north": {"uv": [8.5, 2, 7.5, 4], "texture": "#2"},
				"east": {"uv": [8.5, 2, 9, 4], "texture": "#2"},
				"south": {"uv": [8.5, 4, 7.5, 6], "texture": "#2"},
				"west": {"uv": [7, 8, 7.5, 10], "texture": "#2"},
				"up": {"uv": [3, 8.5, 4, 9], "texture": "#2"},
				"down": {"uv": [4, 8.5, 5, 9], "texture": "#2"}
			}
		},
		{
			"from": [7, 0.025, 9],
			"to": [9, 7.5, 11.5],
			"rotation": {"angle": 0, "axis": "y", "origin": [7, 0, 10]},
			"faces": {
				"north": {"uv": [0, 7, 1, 11], "texture": "#2"},
				"east": {"uv": [6, 0, 7.5, 4], "texture": "#2"},
				"south": {"uv": [1, 7, 2, 11], "texture": "#2"},
				"west": {"uv": [6, 4, 7.5, 8], "texture": "#2"},
				"up": {"uv": [8.5, 7.5, 7.5, 6], "texture": "#2"},
				"down": {"uv": [8.5, 7.5, 7.5, 9], "texture": "#2"}
			}
		}
	],
	"display": {
		"thirdperson_righthand": {
			"rotation": [0, 90, 0],
			"translation": [0, 4.95, 1.5],
			"scale": [0.62, 0.62, 0.62]
		},
		"thirdperson_lefthand": {
			"rotation": [0, 90, 0],
			"translation": [0, 4.95, 1.5],
			"scale": [0.62, 0.62, 0.62]
		},
		"firstperson_righthand": {
			"rotation": [0.73, 114, -0.13],
			"translation": [-3.5, 6.75, 5],
			"scale": [0.31, 0.35, 0.31]
		},
		"firstperson_lefthand": {
			"rotation": [0.73, 114, -0.13],
			"translation": [-3.5, 6.75, 5],
			"scale": [0.31, 0.35, 0.31]
		}
	}
}