{
	"format_version": "1.21.6",
	"credit": "Made with Blockbench",
	"textures": {
		"2": "item/drowned_spawn_egg_hand"
	},
	"elements": [
		{
			"name": "egg",
			"from": [5, 0, 5],
			"to": [11, 7, 11],
			"rotation": {"angle": 0, "axis": "y", "origin": [5, 0, 5]},
			"faces": {
				"north": {"uv": [0, 0, 3, 3.5], "texture": "#2"},
				"east": {"uv": [6, 0, 3, 3.5], "texture": "#2"},
				"south": {"uv": [0, 3.5, 3, 7], "texture": "#2"},
				"west": {"uv": [3, 0, 6, 3.5], "texture": "#2"},
				"up": {"uv": [6, 6.5, 3, 3.5], "texture": "#2"},
				"down": {"uv": [9, 0, 6, 3], "texture": "#2"}
			}
		},
		{
			"name": "egg",
			"from": [4.94, -0.07, 4.94],
			"to": [11.06, 7.07, 11.06],
			"rotation": {"angle": 0, "axis": "y", "origin": [4.94, -0.07, 4.94]},
			"faces": {
				"north": {"uv": [0, 9, 3, 12.5], "texture": "#2"},
				"east": {"uv": [12, 9, 9, 12.5], "texture": "#2"},
				"south": {"uv": [0, 12.5, 3, 16], "texture": "#2"},
				"west": {"uv": [3, 9, 6, 12.5], "texture": "#2"},
				"up": {"uv": [6, 15.5, 3, 12.5], "texture": "#2"},
				"down": {"uv": [9, 9, 6, 12], "texture": "#2"}
			}
		},
		{
			"from": [4.85, 0.675, 4.85],
			"to": [11.15, 2.775, 11.15],
			"rotation": {"angle": 0, "axis": "y", "origin": [4.85, -0.375, 4.85]},
			"faces": {
				"north": {"uv": [3, 8, 6, 9], "texture": "#2"},
				"east": {"uv": [0, 7, 3, 8], "texture": "#2"},
				"south": {"uv": [0, 7, 3, 8], "texture": "#2"},
				"west": {"uv": [0, 7, 3, 8], "texture": "#2"},
				"up": {"uv": [3, 6.5, 6, 8], "texture": "#2"},
				"down": {"uv": [6, 6, 9, 9], "texture": "#2"}
			}
		},
		{
			"from": [4, 0.7, 4],
			"to": [5, 2.6, 7],
			"rotation": {"angle": 0, "axis": "y", "origin": [3, 0.7, 5]},
			"faces": {
				"north": {"uv": [6.5, 3, 7, 4], "texture": "#2"},
				"east": {"uv": [8, 3, 6.5, 4], "texture": "#2"},
				"south": {"uv": [6, 3, 6.5, 4], "texture": "#2"},
				"west": {"uv": [6.5, 3, 8, 4], "texture": "#2"},
				"up": {"uv": [6, 4, 6.5, 5.5], "texture": "#2"},
				"down": {"uv": [6, 5.5, 6.5, 4], "texture": "#2"}
			}
		},
		{
			"from": [11, 0.7, 4],
			"to": [12, 2.6, 7],
			"rotation": {"angle": 0, "axis": "y", "origin": [10, 0.7, 5]},
			"faces": {
				"north": {"uv": [6.5, 3, 7, 4], "texture": "#2"},
				"east": {"uv": [8, 3, 6.5, 4], "texture": "#2"},
				"south": {"uv": [6, 3, 6.5, 4], "texture": "#2"},
				"west": {"uv": [6.5, 3, 8, 4], "texture": "#2"},
				"up": {"uv": [6, 4, 6.5, 5.5], "texture": "#2"},
				"down": {"uv": [6, 5.5, 6.5, 4], "texture": "#2"}
			}
		},
		{
			"name": "cube_outline",
			"from": [11.15, 2.775, 11.15],
			"to": [4.85, 0.675, 4.85],
			"rotation": {"angle": 0, "axis": "y", "origin": [4.85, -0.375, 4.85]},
			"faces": {
				"north": {"uv": [0, 7, 3, 8], "rotation": 180, "texture": "#2"},
				"east": {"uv": [0, 7, 3, 8], "rotation": 180, "texture": "#2"},
				"south": {"uv": [3, 8, 6, 9], "rotation": 180, "texture": "#2"},
				"west": {"uv": [0, 7, 3, 8], "rotation": 180, "texture": "#2"},
				"up": {"uv": [6.5, 5.5, 9.5, 8.5], "rotation": 180, "texture": "#2"},
				"down": {"uv": [3, 6.5, 6, 8], "rotation": 180, "texture": "#2"}
			}
		}
	],
	"display": {
		"thirdperson_righthand": {
			"rotation": [0, 90, 0],
			"translation": [0, 4.95, 1.5],
			"scale": [0.62, 0.62, 0.62]
		},
		"thirdperson_lefthand": {
			"rotation": [0, 90, 0],
			"translation": [0, 4.95, 1.5],
			"scale": [0.62, 0.62, 0.62]
		},
		"firstperson_righthand": {
			"rotation": [0.73, 114, -0.13],
			"translation": [-3.5, 6.75, 5],
			"scale": [0.31, 0.35, 0.31]
		},
		"firstperson_lefthand": {
			"rotation": [0.73, 114, -0.13],
			"translation": [-3.5, 6.75, 5],
			"scale": [0.31, 0.35, 0.31]
		}
	}
}