{
	"format_version": "1.21.6",
	"credit": "Made with Blockbench",
	"texture_size": [32, 32],
	"textures": {
		"2": "item/elder_guardian_spawn_egg_hand",
		"particle": "item/elder_guardian_spawn_egg_hand"
	},
	"elements": [
		{
			"name": "egg",
			"from": [5, 0, 5],
			"to": [11, 7, 11],
			"rotation": {"angle": 0, "axis": "y", "origin": [5, 0, 5]},
			"faces": {
				"north": {"uv": [0, 0.5, 3, 4], "texture": "#2"},
				"east": {"uv": [3, 0.5, 0, 4], "texture": "#2"},
				"south": {"uv": [0, 0.5, 3, 4], "texture": "#2"},
				"west": {"uv": [3, 0.5, 0, 4], "texture": "#2"},
				"up": {"uv": [6, 7, 3, 4], "texture": "#2"},
				"down": {"uv": [9, 0, 6, 3], "texture": "#2"}
			}
		},
		{
			"from": [7, -2.05, 7],
			"to": [9, 8.95, 9],
			"light_emission": 7,
			"rotation": {"angle": 40, "axis": "z", "origin": [8, 3.45, 8]},
			"faces": {
				"north": {"uv": [6.5, 3.5, 7.5, 8], "rotation": 180, "texture": "#2"},
				"east": {"uv": [7.5, 3.5, 6.5, 8], "rotation": 180, "texture": "#2"},
				"south": {"uv": [6.5, 3.5, 7.5, 8], "rotation": 180, "texture": "#2"},
				"west": {"uv": [6.5, 3.5, 7.5, 8], "texture": "#2"},
				"up": {"uv": [8.5, 3.5, 7.5, 4.5], "rotation": 90, "texture": "#2"},
				"down": {"uv": [8.5, 5, 7.5, 6], "rotation": 90, "texture": "#2"}
			}
		},
		{
			"from": [7, -2.05, 7],
			"to": [9, 8.95, 9],
			"light_emission": 7,
			"rotation": {"angle": -40, "axis": "z", "origin": [8, 3.45, 8]},
			"faces": {
				"north": {"uv": [7.5, 3.5, 6.5, 8], "rotation": 180, "texture": "#2"},
				"east": {"uv": [7.5, 3.5, 6.5, 8], "texture": "#2"},
				"south": {"uv": [7.5, 3.5, 6.5, 8], "rotation": 180, "texture": "#2"},
				"west": {"uv": [6.5, 3.5, 7.5, 8], "rotation": 180, "texture": "#2"},
				"up": {"uv": [8.5, 4.5, 7.5, 3.5], "rotation": 90, "texture": "#2"},
				"down": {"uv": [8.5, 6, 7.5, 5], "rotation": 90, "texture": "#2"}
			}
		},
		{
			"from": [7, -2.05, 7],
			"to": [9, 8.95, 9],
			"light_emission": 7,
			"rotation": {"angle": -40, "axis": "x", "origin": [8, 3.45, 8]},
			"faces": {
				"north": {"uv": [6.5, 3.5, 7.5, 8], "texture": "#2"},
				"east": {"uv": [6.5, 3.5, 7.5, 8], "rotation": 180, "texture": "#2"},
				"south": {"uv": [7.5, 3.5, 6.5, 8], "rotation": 180, "texture": "#2"},
				"west": {"uv": [6.5, 3.5, 7.5, 8], "rotation": 180, "texture": "#2"},
				"up": {"uv": [8.5, 3.5, 7.5, 4.5], "rotation": 180, "texture": "#2"},
				"down": {"uv": [8.5, 5, 7.5, 6], "texture": "#2"}
			}
		},
		{
			"from": [7, -2.05, 7],
			"to": [9, 8.95, 9],
			"light_emission": 7,
			"rotation": {"angle": 40, "axis": "x", "origin": [8, 3.45, 8]},
			"faces": {
				"north": {"uv": [6.5, 3.5, 7.5, 8], "rotation": 180, "texture": "#2"},
				"east": {"uv": [7.5, 3.5, 6.5, 8], "rotation": 180, "texture": "#2"},
				"south": {"uv": [7.5, 3.5, 6.5, 8], "texture": "#2"},
				"west": {"uv": [7.5, 3.5, 6.5, 8], "rotation": 180, "texture": "#2"},
				"up": {"uv": [8.5, 4.5, 7.5, 3.5], "rotation": 180, "texture": "#2"},
				"down": {"uv": [8.5, 6, 7.5, 5], "texture": "#2"}
			}
		},
		{
			"from": [2.8, 2, 7],
			"to": [13.2, 4, 9],
			"light_emission": 7,
			"rotation": {"angle": -45, "axis": "y", "origin": [8, 3, 8]},
			"faces": {
				"north": {"uv": [6.5, 8, 7.5, 3.5], "rotation": 90, "texture": "#2"},
				"east": {"uv": [7.5, 5, 8.5, 6], "texture": "#2"},
				"south": {"uv": [7.5, 3.5, 6.5, 8], "rotation": 90, "texture": "#2"},
				"west": {"uv": [7.5, 3.5, 8.5, 4.5], "texture": "#2"},
				"up": {"uv": [6.5, 3.5, 7.5, 8], "rotation": 90, "texture": "#2"},
				"down": {"uv": [7.5, 8, 6.5, 3.5], "rotation": 270, "texture": "#2"}
			}
		},
		{
			"from": [7, 2, 2.9],
			"to": [9, 4, 13.1],
			"light_emission": 7,
			"rotation": {"angle": -45, "axis": "y", "origin": [8, 3, 8]},
			"faces": {
				"north": {"uv": [7.5, 3.5, 8.5, 4.5], "texture": "#2"},
				"east": {"uv": [6.5, 8, 7.5, 3.5], "rotation": 90, "texture": "#2"},
				"south": {"uv": [7.5, 5, 8.5, 6], "texture": "#2"},
				"west": {"uv": [7.5, 3.5, 6.5, 8], "rotation": 90, "texture": "#2"},
				"up": {"uv": [6.5, 3.5, 7.5, 8], "rotation": 180, "texture": "#2"},
				"down": {"uv": [7.5, 8, 6.5, 3.5], "rotation": 180, "texture": "#2"}
			}
		}
	],
	"display": {
		"thirdperson_righthand": {
			"rotation": [0, 90, 0],
			"translation": [0, 4.95, 1.5],
			"scale": [0.62, 0.62, 0.62]
		},
		"thirdperson_lefthand": {
			"rotation": [0, 90, 0],
			"translation": [0, 4.95, 1.5],
			"scale": [0.62, 0.62, 0.62]
		},
		"firstperson_righthand": {
			"rotation": [0.73, 114, -0.13],
			"translation": [-3.5, 6.5, 5],
			"scale": [0.31, 0.34, 0.31]
		},
		"firstperson_lefthand": {
			"rotation": [0.73, 114, -0.13],
			"translation": [-3.5, 6.75, 5],
			"scale": [0.31, 0.35, 0.31]
		}
	}
}