{
	"format_version": "1.21.6",
	"credit": "Made with Blockbench",
	"texture_size": [32, 32],
	"textures": {
		"1": "item/ender_pearl_shine",
		"3": "item/ender_pearl_hand",
		"particle": "item/ender_pearl_shine"
	},
	"elements": [
		{
			"name": "eye_outline",
			"from": [11.51, 7.01, 11.51],
			"to": [4.49, -0.01, 4.49],
			"rotation": {"angle": 0, "axis": "y", "origin": [11.51, -0.01, 3.32]},
			"faces": {
				"north": {"uv": [9, 6, 12, 9], "rotation": 180, "texture": "#3"},
				"east": {"uv": [9, 9, 6, 12], "rotation": 180, "texture": "#3"},
				"south": {"uv": [6, 6, 9, 9], "rotation": 180, "texture": "#3"},
				"west": {"uv": [6, 9, 9, 12], "rotation": 180, "texture": "#3"},
				"up": {"uv": [12, 9, 9, 12], "rotation": 180, "texture": "#3"},
				"down": {"uv": [9, 15, 6, 12], "rotation": 180, "texture": "#3"}
			}
		},
		{
			"name": "eye_outline",
			"from": [10.9835, 6.4835, 10.9835],
			"to": [5.0165, 0.5165, 5.0165],
			"rotation": {"angle": 0, "axis": "y", "origin": [10.9835, 0.5165, 4.022]},
			"faces": {
				"north": {"uv": [9, 6, 12, 9], "rotation": 180, "texture": "#3"},
				"east": {"uv": [9, 9, 6, 12], "rotation": 180, "texture": "#3"},
				"south": {"uv": [6, 6, 9, 9], "rotation": 180, "texture": "#3"},
				"west": {"uv": [6, 9, 9, 12], "rotation": 180, "texture": "#3"},
				"up": {"uv": [12, 9, 9, 12], "rotation": 180, "texture": "#3"},
				"down": {"uv": [9, 15, 6, 12], "rotation": 180, "texture": "#3"}
			}
		},
		{
			"name": "eye_outline",
			"from": [10.47631, 5.97631, 10.47631],
			"to": [5.5237, 1.0237, 5.5237],
			"rotation": {"angle": 0, "axis": "y", "origin": [10.47631, 1.0237, 4.69826]},
			"faces": {
				"north": {"uv": [9, 6, 12, 9], "rotation": 180, "texture": "#3"},
				"east": {"uv": [9, 9, 6, 12], "rotation": 180, "texture": "#3"},
				"south": {"uv": [6, 6, 9, 9], "rotation": 180, "texture": "#3"},
				"west": {"uv": [6, 9, 9, 12], "rotation": 180, "texture": "#3"},
				"up": {"uv": [12, 9, 9, 12], "rotation": 180, "texture": "#3"},
				"down": {"uv": [9, 15, 6, 12], "rotation": 180, "texture": "#3"}
			}
		},
		{
			"name": "eye",
			"from": [4.49, -0.01, 4.49],
			"to": [11.51, 7.01, 11.51],
			"light_emission": 10,
			"rotation": {"angle": 0, "axis": "y", "origin": [11.51, -0.01, 3.32]},
			"faces": {
				"north": {"uv": [0, 0, 3, 3], "texture": "#3"},
				"east": {"uv": [0, 3, 3, 6], "texture": "#3"},
				"south": {"uv": [3, 0, 6, 3], "texture": "#3"},
				"west": {"uv": [3, 3, 0, 6], "texture": "#3"},
				"up": {"uv": [3, 9, 0, 6], "texture": "#3"},
				"down": {"uv": [6, 3, 3, 6], "texture": "#3"}
			}
		},
		{
			"name": "eye",
			"from": [4.49, -0.01, 4.49],
			"to": [11.51, 7.01, 11.51],
			"light_emission": 10,
			"rotation": {"angle": 0, "axis": "y", "origin": [11.51, -0.01, 3.32]},
			"faces": {
				"north": {"uv": [0, 0, 3, 3], "texture": "#3"},
				"east": {"uv": [0, 3, 3, 6], "texture": "#3"},
				"south": {"uv": [3, 0, 6, 3], "texture": "#3"},
				"west": {"uv": [3, 3, 0, 6], "texture": "#3"},
				"up": {"uv": [3, 9, 0, 6], "texture": "#3"},
				"down": {"uv": [6, 3, 3, 6], "texture": "#3"}
			}
		},
		{
			"from": [8.81621, 1.03621, 11.6],
			"to": [10.16379, 2.38379, 11.6],
			"light_emission": 7,
			"rotation": {"angle": 0, "axis": "y", "origin": [8.81621, 1.03621, 11.6]},
			"faces": {
				"north": {"uv": [0, 0, 2, 2], "texture": "#1"},
				"east": {"uv": [0, 0, 0, 2], "texture": "#1"},
				"south": {"uv": [0, 2, 2, 4], "texture": "#1"},
				"west": {"uv": [0, 0, 0, 2], "texture": "#1"},
				"up": {"uv": [2, 0, 0, 0], "texture": "#1"},
				"down": {"uv": [2, 0, 0, 0], "texture": "#1"}
			}
		},
		{
			"from": [5.161, 4.141, 11.6],
			"to": [7.059, 6.039, 11.6],
			"light_emission": 7,
			"rotation": {"angle": 0, "axis": "y", "origin": [5.161, 4.141, 11.6]},
			"faces": {
				"north": {"uv": [0, 2, 2, 4], "texture": "#1"},
				"east": {"uv": [0, 0, 0, 2], "texture": "#1"},
				"south": {"uv": [0, 2, 2, 4], "texture": "#1"},
				"west": {"uv": [0, 0, 0, 2], "texture": "#1"},
				"up": {"uv": [2, 0, 0, 0], "texture": "#1"},
				"down": {"uv": [2, 0, 0, 0], "texture": "#1"}
			}
		},
		{
			"from": [8.81621, 1.03621, 11.6],
			"to": [10.16379, 2.38379, 11.6],
			"light_emission": 7,
			"rotation": {"angle": 0, "axis": "y", "origin": [8.81621, 1.03621, 11.6]},
			"faces": {
				"north": {"uv": [0, 0, 2, 2], "texture": "#1"},
				"east": {"uv": [0, 0, 0, 2], "texture": "#1"},
				"south": {"uv": [0, 2, 2, 4], "texture": "#1"},
				"west": {"uv": [0, 0, 0, 2], "texture": "#1"},
				"up": {"uv": [2, 0, 0, 0], "texture": "#1"},
				"down": {"uv": [2, 0, 0, 0], "texture": "#1"}
			}
		},
		{
			"from": [5.161, 4.141, 11.6],
			"to": [7.059, 6.039, 11.6],
			"light_emission": 7,
			"rotation": {"angle": 0, "axis": "y", "origin": [5.161, 4.141, 11.6]},
			"faces": {
				"north": {"uv": [0, 2, 2, 4], "texture": "#1"},
				"east": {"uv": [0, 0, 0, 2], "texture": "#1"},
				"south": {"uv": [0, 2, 2, 4], "texture": "#1"},
				"west": {"uv": [0, 0, 0, 2], "texture": "#1"},
				"up": {"uv": [2, 0, 0, 0], "texture": "#1"},
				"down": {"uv": [2, 0, 0, 0], "texture": "#1"}
			}
		},
		{
			"from": [8.81621, 1.03621, 11.6],
			"to": [10.16379, 2.38379, 11.6],
			"light_emission": 7,
			"rotation": {"angle": 0, "axis": "y", "origin": [8.81621, 1.03621, 11.6]},
			"faces": {
				"north": {"uv": [0, 0, 2, 2], "texture": "#1"},
				"east": {"uv": [0, 0, 0, 2], "texture": "#1"},
				"south": {"uv": [0, 2, 2, 4], "texture": "#1"},
				"west": {"uv": [0, 0, 0, 2], "texture": "#1"},
				"up": {"uv": [2, 0, 0, 0], "texture": "#1"},
				"down": {"uv": [2, 0, 0, 0], "texture": "#1"}
			}
		},
		{
			"from": [5.161, 4.141, 11.6],
			"to": [7.059, 6.039, 11.6],
			"light_emission": 7,
			"rotation": {"angle": 0, "axis": "y", "origin": [5.161, 4.141, 11.6]},
			"faces": {
				"north": {"uv": [0, 2, 2, 4], "texture": "#1"},
				"east": {"uv": [0, 0, 0, 2], "texture": "#1"},
				"south": {"uv": [0, 2, 2, 4], "texture": "#1"},
				"west": {"uv": [0, 0, 0, 2], "texture": "#1"},
				"up": {"uv": [2, 0, 0, 0], "texture": "#1"},
				"down": {"uv": [2, 0, 0, 0], "texture": "#1"}
			}
		},
		{
			"from": [6.0686, 1.5686, 6.0686],
			"to": [9.9314, 5.4314, 9.9314],
			"rotation": {"angle": 0, "axis": "y", "origin": [6.0686, 1.5686, 6.0686]},
			"faces": {
				"north": {"uv": [6.5, 3.5, 8, 5], "texture": "#3"},
				"east": {"uv": [6.5, 3.5, 8, 5], "texture": "#3"},
				"south": {"uv": [6.5, 3.5, 8, 5], "texture": "#3"},
				"west": {"uv": [6.5, 3.5, 8, 5], "texture": "#3"},
				"up": {"uv": [6.5, 3.5, 8, 5], "texture": "#3"},
				"down": {"uv": [6.5, 3.5, 8, 5], "texture": "#3"}
			}
		}
	],
	"display": {
		"thirdperson_righthand": {
			"rotation": [0, -90, 0],
			"translation": [0, 4.25, 1.25],
			"scale": [0.53, 0.53, 0.53]
		},
		"thirdperson_lefthand": {
			"rotation": [0, -90, 0],
			"translation": [0, 4.25, 1.25],
			"scale": [0.53, 0.53, 0.53]
		},
		"firstperson_righthand": {
			"rotation": [0.73, -64, -0.13],
			"translation": [-2.75, 6, 4.25],
			"scale": [0.31, 0.34, 0.31]
		},
		"firstperson_lefthand": {
			"rotation": [0.73, -64, -0.13],
			"translation": [-2.75, 6, 4.25],
			"scale": [0.31, 0.34, 0.31]
		},
		"ground": {
			"translation": [0, 4.25, 0],
			"scale": [0.56, 0.56, 0.56]
		}
	},
	"groups": [
		{
			"name": "eye",
			"origin": [11.51, -0.01, 3.32],
			"color": 0,
			"children": [0, 1, 2, 3, 4]
		},
		{
			"name": "sheen",
			"origin": [5.161, 4.141, 11.6],
			"color": 0,
			"children": [
				5,
				6,
				{
					"name": "sheen",
					"origin": [5.161, 4.141, 11.6],
					"color": 0,
					"children": [7, 8]
				},
				{
					"name": "sheen",
					"origin": [5.161, 4.141, 11.6],
					"color": 0,
					"children": [9, 10]
				}
			]
		},
		11
	]
}