{
	"format_version": "1.21.6",
	"credit": "Made with Blockbench",
	"texture_size": [32, 32],
	"textures": {
		"2": "item/frog_spawn_egg_hand"
	},
	"elements": [
		{
			"name": "egg",
			"from": [5, 0, 5],
			"to": [11, 7, 11],
			"rotation": {"angle": 0, "axis": "y", "origin": [8, 4, 6.2]},
			"faces": {
				"north": {"uv": [0, 0, 3, 3.5], "texture": "#2"},
				"east": {"uv": [3, 0, 6, 3.5], "texture": "#2"},
				"south": {"uv": [0, 3.5, 3, 7], "texture": "#2"},
				"west": {"uv": [6, 0, 3, 3.5], "texture": "#2"},
				"up": {"uv": [6, 6.5, 3, 3.5], "texture": "#2"},
				"down": {"uv": [9, 0, 6, 3], "texture": "#2"}
			}
		},
		{
			"from": [4, 0.025, 9],
			"to": [7, 4, 12],
			"rotation": {"angle": 0, "axis": "y", "origin": [4, 0, 10]},
			"faces": {
				"north": {"uv": [7, 3, 6.5, 5], "texture": "#2"},
				"east": {"uv": [7.5, 3, 6, 5], "texture": "#2"},
				"south": {"uv": [7.5, 3, 9, 5], "texture": "#2"},
				"west": {"uv": [6, 3, 7.5, 5], "texture": "#2"},
				"up": {"uv": [9, 6.5, 7.5, 5], "texture": "#2"},
				"down": {"uv": [7.5, 5, 6, 6.5], "texture": "#2"}
			}
		},
		{
			"from": [9, 0.025, 9],
			"to": [12, 4, 12],
			"rotation": {"angle": 0, "axis": "y", "origin": [9, 0, 10]},
			"faces": {
				"north": {"uv": [7, 3, 6.5, 5], "texture": "#2"},
				"east": {"uv": [7.5, 3, 6, 5], "texture": "#2"},
				"south": {"uv": [7.5, 3, 9, 5], "texture": "#2"},
				"west": {"uv": [6, 3, 7.5, 5], "texture": "#2"},
				"up": {"uv": [9, 6.5, 7.5, 5], "texture": "#2"},
				"down": {"uv": [7.5, 5, 6, 6.5], "texture": "#2"}
			}
		},
		{
			"from": [4, 0.025, 5.4],
			"to": [6, 2, 7.4],
			"rotation": {"angle": 0, "axis": "y", "origin": [4, 0, 6.4]},
			"faces": {
				"north": {"uv": [3, 6.5, 4, 7.5], "texture": "#2"},
				"east": {"uv": [3, 6.5, 4, 7.5], "texture": "#2"},
				"south": {"uv": [3, 6.5, 4, 7.5], "texture": "#2"},
				"west": {"uv": [3, 6.5, 4, 7.5], "texture": "#2"},
				"up": {"uv": [4, 7, 3, 6.5], "texture": "#2"},
				"down": {"uv": [7.5, 5.5, 6.5, 6.5], "texture": "#2"}
			}
		},
		{
			"from": [10, 0.025, 5.4],
			"to": [12, 2, 7.4],
			"rotation": {"angle": 0, "axis": "y", "origin": [12, 0, 6.4]},
			"faces": {
				"north": {"uv": [4, 6.5, 3, 7.5], "texture": "#2"},
				"east": {"uv": [4, 6.5, 3, 7.5], "texture": "#2"},
				"south": {"uv": [4, 6.5, 3, 7.5], "texture": "#2"},
				"west": {"uv": [4, 6.5, 3, 7.5], "texture": "#2"},
				"up": {"uv": [3, 7, 4, 6.5], "texture": "#2"},
				"down": {"uv": [6.5, 5.5, 7.5, 6.5], "texture": "#2"}
			}
		},
		{
			"from": [3, 0, 4],
			"to": [13, 0, 12],
			"rotation": {"angle": 0, "axis": "y", "origin": [4, 0, 5]},
			"faces": {
				"north": {"uv": [0, 0, 5, 0], "texture": "#2"},
				"east": {"uv": [0, 0, 4, 0], "texture": "#2"},
				"south": {"uv": [0, 0, 5, 0], "texture": "#2"},
				"west": {"uv": [0, 0, 4, 0], "texture": "#2"},
				"up": {"uv": [9, 0, 14, 4], "texture": "#2"},
				"down": {"uv": [14, 4, 9, 0], "texture": "#2"}
			}
		}
	],
	"display": {
		"thirdperson_righthand": {
			"rotation": [0, 90, 0],
			"translation": [0, 4.95, 1.5],
			"scale": [0.62, 0.62, 0.62]
		},
		"thirdperson_lefthand": {
			"rotation": [0, 90, 0],
			"translation": [0, 4.95, 1.5],
			"scale": [0.62, 0.62, 0.62]
		},
		"firstperson_righthand": {
			"rotation": [0.73, 114, -0.13],
			"translation": [-3.5, 6.75, 5],
			"scale": [0.32, 0.35, 0.31]
		},
		"firstperson_lefthand": {
			"rotation": [0.73, 114, -0.13],
			"translation": [-3.5, 6.75, 5],
			"scale": [0.32, 0.35, 0.31]
		}
	}
}