{
	"format_version": "1.21.6",
	"credit": "Made with Blockbench",
	"textures": {
		"particle": "item/lantern_hand",
		"lantern": "item/lantern_hand"
	},
	"elements": [
		{
			"from": [5, 1, 5],
			"to": [11, 8, 11],
			"rotation": {"angle": 0, "axis": "y", "origin": [8, 8.75, 8]},
			"faces": {
				"north": {"uv": [0, 2, 6, 9], "texture": "#lantern"},
				"east": {"uv": [0, 2, 6, 9], "texture": "#lantern"},
				"south": {"uv": [0, 2, 6, 9], "texture": "#lantern"},
				"west": {"uv": [0, 2, 6, 9], "texture": "#lantern"},
				"up": {"uv": [0, 9, 6, 15], "texture": "#lantern"},
				"down": {"uv": [0, 9, 6, 15], "texture": "#lantern"}
			}
		},
		{
			"from": [6, 8, 6],
			"to": [10, 10, 10],
			"rotation": {"angle": 0, "axis": "y", "origin": [8, 8.75, 8]},
			"faces": {
				"north": {"uv": [1, 0, 5, 2], "texture": "#lantern"},
				"east": {"uv": [1, 0, 5, 2], "texture": "#lantern"},
				"south": {"uv": [1, 0, 5, 2], "texture": "#lantern"},
				"west": {"uv": [1, 0, 5, 2], "texture": "#lantern"},
				"up": {"uv": [1, 10, 5, 14], "texture": "#lantern"},
				"down": {"uv": [1, 10, 5, 14], "texture": "#lantern"}
			}
		},
		{
			"from": [8, 10, 6.5],
			"to": [8, 12, 9.5],
			"shade": false,
			"rotation": {"angle": 45, "axis": "y", "origin": [8, 8.75, 8]},
			"faces": {
				"east": {"uv": [11, 10, 14, 12], "texture": "#lantern"},
				"west": {"uv": [14, 10, 11, 12], "texture": "#lantern"}
			}
		}
	],
	"display": {
		"thirdperson_righthand": {
			"translation": [0, -5.5, 1.5],
			"scale": [0.57, 0.57, 0.57]
		},
		"thirdperson_lefthand": {
			"translation": [0, -5.5, 1.5],
			"scale": [0.57, 0.57, 0.57]
		},
		"firstperson_righthand": {
			"rotation": [0.73, 114, -0.13],
			"translation": [-2.5, 6.25, 4.5],
			"scale": [0.31, 0.37, 0.31]
		},
		"firstperson_lefthand": {
			"rotation": [0.73, 114, -0.13],
			"translation": [-2.5, 6.25, 4.5],
			"scale": [0.31, 0.37, 0.31]
		}
	}
}