{
	"format_version": "1.21.6",
	"credit": "Made with Blockbench",
	"texture_size": [32, 32],
	"textures": {
		"1": "item/lapis_hand"
	},
	"elements": [
		{
			"from": [5.82978, 0, 6.77489],
			"to": [11.82978, 6, 10.77489],
			"light_emission": 15,
			"rotation": {"angle": 0, "axis": "y", "origin": [8, 4.325, 8]},
			"faces": {
				"north": {"uv": [3, 0, 0, 3], "texture": "#1"},
				"east": {"uv": [7.5, 3, 5.5, 6], "texture": "#1"},
				"south": {"uv": [3, 3, 0, 6], "texture": "#1"},
				"west": {"uv": [7.5, 0, 5.5, 3], "texture": "#1"},
				"up": {"uv": [0, 8, 3, 6], "texture": "#1"},
				"down": {"uv": [3, 6, 6, 8], "texture": "#1"}
			}
		},
		{
			"from": [5.02993, 2.65, 5.46655],
			"to": [10.02993, 8.65, 8.46655],
			"light_emission": 15,
			"rotation": {"angle": 22.5, "axis": "y", "origin": [8, 4.325, 8]},
			"faces": {
				"north": {"uv": [5.5, 0, 3, 3], "texture": "#1"},
				"east": {"uv": [9, 0, 7.5, 3], "texture": "#1"},
				"south": {"uv": [5.5, 3, 3, 6], "texture": "#1"},
				"west": {"uv": [7.5, 6, 6, 9], "texture": "#1"},
				"up": {"uv": [7.5, 4.5, 10, 3], "texture": "#1"},
				"down": {"uv": [7.5, 4.5, 10, 6], "texture": "#1"}
			}
		},
		{
			"name": "cube_outline",
			"from": [12.02978, 6.2, 10.97489],
			"to": [5.62978, -0.2, 6.57489],
			"rotation": {"angle": 0, "axis": "y", "origin": [8, 4.325, 8]},
			"faces": {
				"north": {"uv": [1.5, 8.5, 0, 10], "rotation": 180, "texture": "#1"},
				"east": {"uv": [0.5, 8.5, 0, 9.5], "rotation": 180, "texture": "#1"},
				"south": {"uv": [1.5, 8.5, 0, 10], "rotation": 180, "texture": "#1"},
				"west": {"uv": [0.5, 8.5, 0, 9.5], "rotation": 180, "texture": "#1"},
				"up": {"uv": [0, 8.5, 1.5, 10], "rotation": 180, "texture": "#1"},
				"down": {"uv": [0, 10, 1.5, 8.5], "rotation": 180, "texture": "#1"}
			}
		},
		{
			"name": "cube_outline",
			"from": [10.22993, 8.85, 8.66655],
			"to": [4.82993, 2.45, 5.26655],
			"rotation": {"angle": 22.5, "axis": "y", "origin": [8, 4.325, 8]},
			"faces": {
				"north": {"uv": [1.5, 8.5, 0, 10], "rotation": 180, "texture": "#1"},
				"east": {"uv": [0.5, 8.5, 0, 10], "rotation": 180, "texture": "#1"},
				"south": {"uv": [1.5, 8.5, 0, 10], "rotation": 180, "texture": "#1"},
				"west": {"uv": [0.5, 9.4, 0, 10.9], "rotation": 180, "texture": "#1"},
				"up": {"uv": [1.9, 8.5, 0.4, 10], "rotation": 90, "texture": "#1"},
				"down": {"uv": [0, 8.5, 1.5, 10], "texture": "#1"}
			}
		}
	],
	"display": {
		"thirdperson_righthand": {
			"translation": [-1.5, 2.25, 1.5],
			"scale": [0.52, 0.52, 0.52]
		},
		"thirdperson_lefthand": {
			"translation": [-1.5, 2.25, 1.5],
			"scale": [0.52, 0.52, 0.52]
		},
		"firstperson_righthand": {
			"rotation": [-10.85, -56.05, -5.11],
			"translation": [0.25, 5.75, 0],
			"scale": [0.61, 0.67, 0.61]
		},
		"firstperson_lefthand": {
			"rotation": [-10.85, -56.05, -5.11],
			"translation": [0.25, 5.75, 0],
			"scale": [0.61, 0.67, 0.61]
		}
	}
}