{
	"credit": "Made with Blockbench",
	"textures": {
		"1": "item/lead_hand",
		"particle": "item/lead_hand"
	},
	"elements": [
		{
			"from": [5, 2, 6.5],
			"to": [11, 8, 9.5],
			"rotation": {"angle": 0, "axis": "y", "origin": [8, 5.5, 8]},
			"faces": {
				"north": {"uv": [0, 0, 6, 6], "texture": "#1"},
				"east": {"uv": [0, 6, 3, 12], "texture": "#1"},
				"south": {"uv": [6, 0, 0, 6], "texture": "#1"},
				"west": {"uv": [0, 6, 3, 12], "texture": "#1"},
				"up": {"uv": [12, 3, 6, 0], "texture": "#1"},
				"down": {"uv": [9, 6, 3, 9], "texture": "#1"}
			}
		},
		{
			"name": "outer rope",
			"from": [4.8134, 1.7679, 6.4067],
			"to": [11.1866, 8.1411, 9.5933],
			"rotation": {"angle": 0, "axis": "y", "origin": [8, 5.4856, 8]},
			"faces": {
				"north": {"uv": [3, 9, 9, 15], "texture": "#1"},
				"east": {"uv": [9, 6, 12, 12], "texture": "#1"},
				"south": {"uv": [9, 9, 3, 15], "texture": "#1"},
				"west": {"uv": [9, 6, 12, 12], "texture": "#1"},
				"up": {"uv": [12, 6, 6, 3], "texture": "#1"},
				"down": {"uv": [15, 12, 9, 15], "texture": "#1"}
			}
		},
		{
			"name": "cube_outline",
			"from": [11, 8, 9.5],
			"to": [5, 2, 6.5],
			"rotation": {"angle": 0, "axis": "y", "origin": [8, 5.5, 8]},
			"faces": {
				"north": {"uv": [6, 0, 0, 6], "rotation": 180, "texture": "#1"},
				"east": {"uv": [0, 6, 3, 12], "rotation": 180, "texture": "#1"},
				"south": {"uv": [0, 0, 6, 6], "rotation": 180, "texture": "#1"},
				"west": {"uv": [0, 6, 3, 12], "rotation": 180, "texture": "#1"},
				"up": {"uv": [9, 6, 3, 9], "rotation": 180, "texture": "#1"},
				"down": {"uv": [12, 3, 6, 0], "rotation": 180, "texture": "#1"}
			}
		},
		{
			"name": "outer rope_outline",
			"from": [11.1866, 8.1411, 9.5933],
			"to": [4.8134, 1.7679, 6.4067],
			"rotation": {"angle": 0, "axis": "y", "origin": [8, 5.4856, 8]},
			"faces": {
				"north": {"uv": [9, 9, 3, 15], "rotation": 180, "texture": "#1"},
				"east": {"uv": [9, 6, 12, 12], "rotation": 180, "texture": "#1"},
				"south": {"uv": [3, 9, 9, 15], "rotation": 180, "texture": "#1"},
				"west": {"uv": [9, 6, 12, 12], "rotation": 180, "texture": "#1"},
				"up": {"uv": [15, 12, 9, 15], "rotation": 180, "texture": "#1"},
				"down": {"uv": [12, 6, 6, 3], "rotation": 180, "texture": "#1"}
			}
		},
		{
			"from": [11.8, 7.05, 6.4],
			"to": [11.8, 9.05, 7.475],
			"rotation": {"angle": 22.5, "axis": "z", "origin": [13.8, 7.05, 5.4]},
			"faces": {
				"north": {"uv": [2, 0, 0, 0.925], "rotation": 90, "texture": "#1"},
				"east": {"uv": [0, 0, 2, 0.975], "rotation": 270, "texture": "#1"},
				"south": {"uv": [0, 0, 2, 0.025], "rotation": 270, "texture": "#1"},
				"west": {"uv": [0, 0, 2, 0.975], "rotation": 270, "texture": "#1"},
				"up": {"uv": [0, 0, 1.075, 0.025], "rotation": 270, "texture": "#1"},
				"down": {"uv": [0, 0, 0.775, 0.825], "rotation": 270, "texture": "#1"}
			}
		},
		{
			"from": [4.2, 7.05, 6.4],
			"to": [4.2, 9.05, 7.475],
			"rotation": {"angle": -22.5, "axis": "z", "origin": [2.2, 7.05, 5.4]},
			"faces": {
				"north": {"uv": [2, 0.925, 0, 0], "rotation": 90, "texture": "#1"},
				"east": {"uv": [0, 0.975, 2, 0], "rotation": 270, "texture": "#1"},
				"south": {"uv": [0, 0.025, 2, 0], "rotation": 270, "texture": "#1"},
				"west": {"uv": [0, 0.975, 2, 0], "rotation": 270, "texture": "#1"},
				"up": {"uv": [0, 0.025, 1.075, 0], "rotation": 270, "texture": "#1"},
				"down": {"uv": [0, 0.825, 0.775, 0], "rotation": 270, "texture": "#1"}
			}
		}
	],
	"display": {
		"thirdperson_righthand": {
			"rotation": [68, -90, 0],
			"translation": [-2, -0.75, 12.5],
			"scale": [0.87, 1.2, 0.86]
		},
		"thirdperson_lefthand": {
			"rotation": [68, -90, 0],
			"translation": [-2, -2.75, 8],
			"scale": [0.87, 0.98, 0.86]
		},
		"firstperson_righthand": {
			"rotation": [-178.2, 80.5, 178.75],
			"translation": [-3.25, 5.5, 6.5],
			"scale": [0.58, 0.58, 0.58]
		},
		"firstperson_lefthand": {
			"rotation": [-178.2, 80.5, 178.75],
			"translation": [-3.25, 5.5, 6.5],
			"scale": [0.58, 0.58, 0.58]
		}
	}
}