{
	"format_version": "1.21.6",
	"credit": "Made with Blockbench",
	"parent": "block/block",
	"textures": {
		"particle": "item/lightning_rod",
		"texture": "item/lightning_rod"
	},
	"elements": [
		{
			"from": [6, 12, 6],
			"to": [10, 16, 10],
			"faces": {
				"north": {"uv": [0, 0, 4, 4], "texture": "#texture"},
				"east": {"uv": [0, 0, 4, 4], "texture": "#texture"},
				"south": {"uv": [0, 0, 4, 4], "texture": "#texture"},
				"west": {"uv": [0, 0, 4, 4], "texture": "#texture"},
				"up": {"uv": [4, 4, 0, 0], "texture": "#texture"},
				"down": {"uv": [0, 0, 4, 4], "texture": "#texture"}
			}
		},
		{
			"from": [7, 0, 7],
			"to": [9, 12, 9],
			"faces": {
				"north": {"uv": [0, 4, 2, 16], "texture": "#texture"},
				"east": {"uv": [0, 4, 2, 16], "texture": "#texture"},
				"south": {"uv": [0, 4, 2, 16], "texture": "#texture"},
				"west": {"uv": [0, 4, 2, 16], "texture": "#texture"},
				"down": {"uv": [0, 4, 2, 6], "texture": "#texture"}
			}
		}
	],
	"display": {
		"thirdperson_righthand": {
			"translation": [0, 0.75, 1.5],
			"scale": [0.53, 0.5, 0.53]
		},
		"thirdperson_lefthand": {
			"translation": [0, 0.75, 1.5],
			"scale": [0.53, 0.5, 0.53]
		},
		"firstperson_righthand": {
			"rotation": [0.73, 114, -0.13],
			"translation": [-2, 3.5, 4.5],
			"scale": [0.31, 0.38, 0.35]
		},
		"firstperson_lefthand": {
			"rotation": [0.73, 114, -0.13],
			"translation": [-2, 3.5, 4.5],
			"scale": [0.31, 0.38, 0.35]
		},
		"ground": {
			"translation": [0, 6, 0],
			"scale": [0.76, 0.76, 0.76]
		},
		"gui": {
			"rotation": [20.36, 42.38, -0.93],
			"translation": [0.5, -0.75, 0],
			"scale": [0.64, 0.64, 0.64]
		},
		"head": {
			"rotation": [-180, 0, 0],
			"translation": [8.5, 4, 0]
		}
	}
}