{
	"format_version": "1.21.6",
	"credit": "Made with Blockbench",
	"texture_size": [32, 32],
	"textures": {
		"2": "item/netherite_scrap_hand"
	},
	"elements": [
		{
			"from": [4.5, 0, 4],
			"to": [11.5, 2, 12],
			"rotation": {"angle": 0, "axis": "y", "origin": [5.5, 0, 9]},
			"faces": {
				"north": {"uv": [7, 4, 10.5, 5], "texture": "#2"},
				"east": {"uv": [7, 0, 11, 1], "texture": "#2"},
				"south": {"uv": [7, 5, 10.5, 6], "texture": "#2"},
				"west": {"uv": [7, 1, 11, 2], "texture": "#2"},
				"up": {"uv": [3.5, 4, 0, 0], "texture": "#2"},
				"down": {"uv": [7, 0, 3.5, 4], "texture": "#2"}
			}
		},
		{
			"from": [6.9, 1.8, 6.5],
			"to": [13.9, 3.8, 14.5],
			"rotation": {"angle": 15, "axis": "y", "origin": [7.9, 1.8, 11.5]},
			"faces": {
				"north": {"uv": [7, 6, 10.5, 7], "texture": "#2"},
				"east": {"uv": [7, 2, 11, 3], "texture": "#2"},
				"south": {"uv": [7, 7, 10.5, 8], "texture": "#2"},
				"west": {"uv": [7, 3, 11, 4], "texture": "#2"},
				"up": {"uv": [3.5, 8, 0, 4], "texture": "#2"},
				"down": {"uv": [7, 4, 3.5, 8], "texture": "#2"}
			}
		}
	],
	"display": {
		"thirdperson_righthand": {
			"rotation": [0, 103, 0],
			"translation": [0.75, 4.9, 1.25],
			"scale": [0.61, 0.61, 0.61]
		},
		"thirdperson_lefthand": {
			"rotation": [0, -103, 0],
			"translation": [-0.75, 4.9, 1.25],
			"scale": [0.61, 0.61, 0.61]
		},
		"firstperson_righthand": {
			"rotation": [0.73, 114, -0.13],
			"translation": [-3.25, 6.75, 4.5],
			"scale": [0.36, 0.41, 0.39]
		},
		"firstperson_lefthand": {
			"rotation": [-179.24, -22, -179.87],
			"translation": [-3, 6.75, 4.5],
			"scale": [0.48, 0.41, 0.31]
		}
	}
}