{
	"format_version": "1.21.6",
	"credit": "Made with Blockbench",
	"texture_size": [32, 32],
	"textures": {
		"2": "item/panda_spawn_egg_hand"
	},
	"elements": [
		{
			"name": "egg",
			"from": [5, 0, 5],
			"to": [11, 7, 11],
			"rotation": {"angle": 0, "axis": "y", "origin": [5, 0, 5]},
			"faces": {
				"north": {"uv": [0, 0, 3, 3.5], "texture": "#2"},
				"east": {"uv": [6, 0, 3, 3.5], "texture": "#2"},
				"south": {"uv": [0, 3.5, 3, 7], "texture": "#2"},
				"west": {"uv": [3, 0, 6, 3.5], "texture": "#2"},
				"up": {"uv": [6, 6.5, 3, 3.5], "texture": "#2"},
				"down": {"uv": [9, 0, 6, 3], "texture": "#2"}
			}
		},
		{
			"from": [6, 0, 3],
			"to": [10, 3, 5],
			"rotation": {"angle": 0, "axis": "y", "origin": [5, 0, 3]},
			"faces": {
				"north": {"uv": [6, 3, 8, 4.5], "texture": "#2"},
				"east": {"uv": [2, 7, 3, 8.5], "texture": "#2"},
				"south": {"uv": [6, 4.5, 8, 6], "texture": "#2"},
				"west": {"uv": [7.5, 6, 8.5, 7.5], "texture": "#2"},
				"up": {"uv": [2, 8, 0, 7], "texture": "#2"},
				"down": {"uv": [6.5, 7.5, 4.5, 8.5], "texture": "#2"}
			}
		},
		{
			"from": [9, 6, 8],
			"to": [12, 9, 9],
			"rotation": {"angle": 0, "axis": "y", "origin": [9, 7, 7]},
			"faces": {
				"north": {"uv": [7.5, 6, 6, 7.5], "texture": "#2"},
				"east": {"uv": [7, 7.5, 7.5, 9], "texture": "#2"},
				"south": {"uv": [4.5, 6.5, 3, 8], "texture": "#2"},
				"west": {"uv": [6.5, 7.5, 7, 9], "texture": "#2"},
				"up": {"uv": [4.5, 7, 6, 6.5], "texture": "#2"},
				"down": {"uv": [6, 7, 4.5, 7.5], "texture": "#2"}
			}
		},
		{
			"from": [4, 6, 8],
			"to": [7, 9, 9],
			"rotation": {"angle": 0, "axis": "y", "origin": [5, 7, 7]},
			"faces": {
				"north": {"uv": [6, 6, 7.5, 7.5], "texture": "#2"},
				"east": {"uv": [6.5, 7.5, 7, 9], "texture": "#2"},
				"south": {"uv": [3, 6.5, 4.5, 8], "texture": "#2"},
				"west": {"uv": [7, 7.5, 7.5, 9], "texture": "#2"},
				"up": {"uv": [6, 7, 4.5, 6.5], "texture": "#2"},
				"down": {"uv": [6, 7, 4.5, 7.5], "texture": "#2"}
			}
		}
	],
	"display": {
		"thirdperson_righthand": {
			"rotation": [0, 90, 0],
			"translation": [0, 4.95, 1.5],
			"scale": [0.62, 0.62, 0.62]
		},
		"thirdperson_lefthand": {
			"rotation": [0, 90, 0],
			"translation": [0, 4.95, 1.5],
			"scale": [0.62, 0.62, 0.62]
		},
		"firstperson_righthand": {
			"rotation": [0.73, 114, -0.13],
			"translation": [-3.5, 6.75, 5],
			"scale": [0.31, 0.35, 0.31]
		},
		"firstperson_lefthand": {
			"rotation": [0.73, 114, -0.13],
			"translation": [-3.5, 6.75, 5],
			"scale": [0.31, 0.35, 0.31]
		}
	}
}