{
	"format_version": "1.21.6",
	"credit": "Made with Blockbench",
	"textures": {
		"1": "item/raw_iron_hand",
		"particle": "item/raw_iron_hand"
	},
	"elements": [
		{
			"from": [4, 0, 5],
			"to": [9, 4, 11],
			"light_emission": 7,
			"rotation": {"angle": 0, "axis": "y", "origin": [9, 0, 8]},
			"faces": {
				"north": {"uv": [0, 10, 5, 14], "texture": "#1"},
				"east": {"uv": [0, 6, 6, 10], "texture": "#1"},
				"south": {"uv": [10, 0, 15, 4], "texture": "#1"},
				"west": {"uv": [6, 6, 12, 10], "texture": "#1"},
				"up": {"uv": [5, 6, 0, 0], "texture": "#1"},
				"down": {"uv": [10, 0, 5, 6], "texture": "#1"}
			}
		},
		{
			"from": [9, 0.025, 8],
			"to": [10, 2.6, 11],
			"light_emission": 7,
			"rotation": {"angle": 0, "axis": "y", "origin": [8.5, 1.5, 9]},
			"faces": {
				"north": {"uv": [5, 13, 6, 16], "texture": "#1"},
				"east": {"uv": [5, 10, 8, 13], "texture": "#1"},
				"south": {"uv": [6, 13, 7, 16], "texture": "#1"},
				"west": {"uv": [8, 10, 11, 13], "texture": "#1"},
				"up": {"uv": [8, 16, 7, 13], "texture": "#1"},
				"down": {"uv": [9, 13, 8, 16], "texture": "#1"}
			}
		},
		{
			"from": [4, 0, 4],
			"to": [6.3, 2.3, 5],
			"light_emission": 7,
			"rotation": {"angle": 0, "axis": "y", "origin": [4, 0, 4]},
			"faces": {
				"north": {"uv": [10, 4, 12, 6], "texture": "#1"},
				"east": {"uv": [12, 10, 13, 12], "texture": "#1"},
				"south": {"uv": [12, 4, 14, 6], "texture": "#1"},
				"west": {"uv": [12, 6, 13, 8], "texture": "#1"},
				"up": {"uv": [14, 10, 12, 9], "texture": "#1"},
				"down": {"uv": [13, 13, 11, 14], "texture": "#1"}
			}
		}
	],
	"display": {
		"thirdperson_righthand": {
			"rotation": [60, 0, 0],
			"translation": [-2.5, 1.5, 3.75],
			"scale": [0.63, 0.63, 0.63]
		},
		"thirdperson_lefthand": {
			"rotation": [60, -180, 0],
			"translation": [-2.25, 1.5, 3.75],
			"scale": [0.63, 0.63, 0.63]
		},
		"firstperson_righthand": {
			"rotation": [-179.24, -23.75, -179.85],
			"translation": [-4, 7.5, 4.75],
			"scale": [0.5, 0.5, 0.44]
		},
		"firstperson_lefthand": {
			"rotation": [-179.24, -23.75, -179.85],
			"translation": [-3.5, 7.5, 4.75],
			"scale": [0.5, 0.5, 0.49]
		}
	}
}