{
	"format_version": "1.21.6",
	"credit": "Made with Blockbench",
	"texture_size": [32, 32],
	"textures": {
		"1": "item/raw_copper_hand"
	},
	"elements": [
		{
			"from": [3.95, 0, 5],
			"to": [8.95, 4, 11],
			"light_emission": 15,
			"rotation": {"angle": 0, "axis": "y", "origin": [8.95, 0, 9]},
			"faces": {
				"north": {"uv": [2.5, 5, 0, 7], "texture": "#1"},
				"east": {"uv": [6, 3, 3, 5], "texture": "#1"},
				"south": {"uv": [7.5, 0, 5, 2], "texture": "#1"},
				"west": {"uv": [3, 3, 0, 5], "texture": "#1"},
				"up": {"uv": [0, 3, 2.5, 0], "texture": "#1"},
				"down": {"uv": [2.5, 0, 5, 3], "texture": "#1"}
			}
		},
		{
			"from": [7.95, 0.025, 6],
			"to": [10.95, 3, 10],
			"light_emission": 15,
			"rotation": {"angle": 0, "axis": "y", "origin": [9.45, 1.5, 8]},
			"faces": {
				"north": {"uv": [5.5, 6.5, 4, 8], "texture": "#1"},
				"east": {"uv": [6.5, 5, 4.5, 6.5], "texture": "#1"},
				"south": {"uv": [8, 4, 6.5, 5.5], "texture": "#1"},
				"west": {"uv": [4.5, 5, 2.5, 6.5], "texture": "#1"},
				"up": {"uv": [6, 4, 7.5, 2], "texture": "#1"},
				"down": {"uv": [2.5, 6.5, 4, 8.5], "texture": "#1"}
			}
		},
		{
			"from": [3, 2, 4],
			"to": [6, 4.5, 7],
			"light_emission": 15,
			"rotation": {"angle": 0, "axis": "y", "origin": [5, 3, 5]},
			"faces": {
				"north": {"uv": [7, 6.5, 5.5, 8], "texture": "#1"},
				"east": {"uv": [8.5, 7, 7, 8.5], "texture": "#1"},
				"south": {"uv": [8.5, 5.5, 7, 7], "texture": "#1"},
				"west": {"uv": [1.5, 7, 0, 8.5], "texture": "#1"},
				"up": {"uv": [7.5, 1.5, 9, 0], "texture": "#1"},
				"down": {"uv": [7.5, 1.5, 9, 3], "texture": "#1"}
			}
		},
		{
			"name": "cube_outline",
			"from": [9.15, 4.2, 11.2],
			"to": [3.75, -0.2, 4.8],
			"rotation": {"angle": 0, "axis": "y", "origin": [8.95, 0, 9]},
			"faces": {
				"north": {"uv": [1.5, 9, 0, 10.5], "rotation": 180, "texture": "#1"},
				"east": {"uv": [0, 11.1875, 1.5, 9.6875], "rotation": 270, "texture": "#1"},
				"south": {"uv": [0, 11.4625, 1.5, 9.9625], "rotation": 90, "texture": "#1"},
				"west": {"uv": [1.5, 9, 0, 10.5], "rotation": 180, "texture": "#1"},
				"up": {"uv": [0, 9, 1.5, 10.5], "rotation": 180, "texture": "#1"},
				"down": {"uv": [0, 10.5, 1.5, 9], "rotation": 180, "texture": "#1"}
			}
		},
		{
			"name": "cube_outline",
			"from": [11.15, 3.2, 10.2],
			"to": [7.75, -0.175, 5.8],
			"rotation": {"angle": 0, "axis": "y", "origin": [9.45, 1.5, 8]},
			"faces": {
				"north": {"uv": [3, 9, 1.5, 10.5], "rotation": 180, "texture": "#1"},
				"east": {"uv": [4.5, 9, 3, 10.5], "rotation": 180, "texture": "#1"},
				"south": {"uv": [4.0375, 9, 2.5375, 10.5], "rotation": 180, "texture": "#1"},
				"west": {"uv": [3, 9, 1.5, 10.5], "rotation": 180, "texture": "#1"},
				"up": {"uv": [1.5, 9, 3, 10.5], "rotation": 180, "texture": "#1"},
				"down": {"uv": [1.5, 10.5, 3, 9], "rotation": 180, "texture": "#1"}
			}
		},
		{
			"name": "cube_outline",
			"from": [6.2, 4.7, 7.2],
			"to": [2.8, 1.8, 3.8],
			"rotation": {"angle": 0, "axis": "y", "origin": [5, 3, 5]},
			"faces": {
				"north": {"uv": [3, 9, 1.5, 10.5], "rotation": 180, "texture": "#1"},
				"east": {"uv": [3, 9, 1.5, 10.5], "rotation": 180, "texture": "#1"},
				"south": {"uv": [3, 9, 1.5, 10.5], "rotation": 180, "texture": "#1"},
				"west": {"uv": [3, 9, 1.5, 10.5], "rotation": 180, "texture": "#1"},
				"up": {"uv": [1.5, 9, 3, 10.5], "rotation": 180, "texture": "#1"},
				"down": {"uv": [1.5, 10.5, 3, 9], "rotation": 180, "texture": "#1"}
			}
		},
		{
			"name": "cube_outline",
			"from": [9.15, 4.2, 11.2],
			"to": [3.75, -0.2, 4.8],
			"rotation": {"angle": 0, "axis": "y", "origin": [8.95, 0, 9]},
			"faces": {
				"north": {"uv": [1.5, 9, 0, 10.5], "rotation": 180, "texture": "#1"},
				"east": {"uv": [0, 11.1875, 1.5, 9.6875], "rotation": 270, "texture": "#1"},
				"south": {"uv": [0, 11.4625, 1.5, 9.9625], "rotation": 90, "texture": "#1"},
				"west": {"uv": [1.5, 9, 0, 10.5], "rotation": 180, "texture": "#1"},
				"up": {"uv": [0, 9, 1.5, 10.5], "rotation": 180, "texture": "#1"},
				"down": {"uv": [0, 10.5, 1.5, 9], "rotation": 180, "texture": "#1"}
			}
		},
		{
			"name": "cube_outline",
			"from": [11.15, 3.2, 10.2],
			"to": [7.75, -0.175, 5.8],
			"rotation": {"angle": 0, "axis": "y", "origin": [9.45, 1.5, 8]},
			"faces": {
				"north": {"uv": [3, 9, 1.5, 10.5], "rotation": 180, "texture": "#1"},
				"east": {"uv": [4.5, 9, 3, 10.5], "rotation": 180, "texture": "#1"},
				"south": {"uv": [4.0375, 9, 2.5375, 10.5], "rotation": 180, "texture": "#1"},
				"west": {"uv": [3, 9, 1.5, 10.5], "rotation": 180, "texture": "#1"},
				"up": {"uv": [1.5, 9, 3, 10.5], "rotation": 180, "texture": "#1"},
				"down": {"uv": [1.5, 10.5, 3, 9], "rotation": 180, "texture": "#1"}
			}
		},
		{
			"name": "cube_outline",
			"from": [6.2, 4.7, 7.2],
			"to": [2.8, 1.8, 3.8],
			"rotation": {"angle": 0, "axis": "y", "origin": [5, 3, 5]},
			"faces": {
				"north": {"uv": [3, 9, 1.5, 10.5], "rotation": 180, "texture": "#1"},
				"east": {"uv": [3, 9, 1.5, 10.5], "rotation": 180, "texture": "#1"},
				"south": {"uv": [3, 9, 1.5, 10.5], "rotation": 180, "texture": "#1"},
				"west": {"uv": [3, 9, 1.5, 10.5], "rotation": 180, "texture": "#1"},
				"up": {"uv": [1.5, 9, 3, 10.5], "rotation": 180, "texture": "#1"},
				"down": {"uv": [1.5, 10.5, 3, 9], "rotation": 180, "texture": "#1"}
			}
		},
		{
			"name": "cube_outline",
			"from": [9.15, 4.2, 11.2],
			"to": [3.75, -0.2, 4.8],
			"rotation": {"angle": 0, "axis": "y", "origin": [8.95, 0, 9]},
			"faces": {
				"north": {"uv": [1.5, 9, 0, 10.5], "rotation": 180, "texture": "#1"},
				"east": {"uv": [0, 11.1875, 1.5, 9.6875], "rotation": 270, "texture": "#1"},
				"south": {"uv": [0, 11.4625, 1.5, 9.9625], "rotation": 90, "texture": "#1"},
				"west": {"uv": [1.5, 9, 0, 10.5], "rotation": 180, "texture": "#1"},
				"up": {"uv": [0, 9, 1.5, 10.5], "rotation": 180, "texture": "#1"},
				"down": {"uv": [0, 10.5, 1.5, 9], "rotation": 180, "texture": "#1"}
			}
		},
		{
			"name": "cube_outline",
			"from": [11.15, 3.2, 10.2],
			"to": [7.75, -0.175, 5.8],
			"rotation": {"angle": 0, "axis": "y", "origin": [9.45, 1.5, 8]},
			"faces": {
				"north": {"uv": [3, 9, 1.5, 10.5], "rotation": 180, "texture": "#1"},
				"east": {"uv": [4.5, 9, 3, 10.5], "rotation": 180, "texture": "#1"},
				"south": {"uv": [4.0375, 9, 2.5375, 10.5], "rotation": 180, "texture": "#1"},
				"west": {"uv": [3, 9, 1.5, 10.5], "rotation": 180, "texture": "#1"},
				"up": {"uv": [1.5, 9, 3, 10.5], "rotation": 180, "texture": "#1"},
				"down": {"uv": [1.5, 10.5, 3, 9], "rotation": 180, "texture": "#1"}
			}
		},
		{
			"name": "cube_outline",
			"from": [6.2, 4.7, 7.2],
			"to": [2.8, 1.8, 3.8],
			"rotation": {"angle": 0, "axis": "y", "origin": [5, 3, 5]},
			"faces": {
				"north": {"uv": [3, 9, 1.5, 10.5], "rotation": 180, "texture": "#1"},
				"east": {"uv": [3, 9, 1.5, 10.5], "rotation": 180, "texture": "#1"},
				"south": {"uv": [3, 9, 1.5, 10.5], "rotation": 180, "texture": "#1"},
				"west": {"uv": [3, 9, 1.5, 10.5], "rotation": 180, "texture": "#1"},
				"up": {"uv": [1.5, 9, 3, 10.5], "rotation": 180, "texture": "#1"},
				"down": {"uv": [1.5, 10.5, 3, 9], "rotation": 180, "texture": "#1"}
			}
		}
	],
	"display": {
		"thirdperson_righthand": {
			"rotation": [60, 0, 0],
			"translation": [-2.5, 1.5, 3.75],
			"scale": [0.63, 0.63, 0.63]
		},
		"thirdperson_lefthand": {
			"rotation": [60, -180, 0],
			"translation": [-2.25, 1.5, 3.75],
			"scale": [0.63, 0.63, 0.63]
		},
		"firstperson_righthand": {
			"rotation": [-0.75, 17.98, 0.07],
			"translation": [-3.5, 7, 4.5],
			"scale": [0.47, 0.44, 0.42]
		},
		"firstperson_lefthand": {
			"rotation": [-0.75, 18.48, 0.04],
			"translation": [-3.75, 7.25, 4.5],
			"scale": [0.47, 0.44, 0.42]
		}
	},
	"groups": [
		0,
		1,
		2,
		{
			"name": "group",
			"origin": [7.05, 0, 9],
			"color": 0,
			"children": [
				3,
				4,
				5,
				{
					"name": "group",
					"origin": [7.05, 0, 9],
					"color": 0,
					"children": [6, 7, 8]
				},
				{
					"name": "group",
					"origin": [7.05, 0, 9],
					"color": 0,
					"children": [9, 10, 11]
				}
			]
		}
	]
}