{
	"format_version": "1.21.6",
	"credit": "Made with Blockbench",
	"texture_size": [32, 32],
	"textures": {
		"2": "item/silverfish_spawn_egg_hand"
	},
	"elements": [
		{
			"name": "egg",
			"from": [5, 0, 5],
			"to": [11, 2, 11],
			"rotation": {"angle": 0, "axis": "y", "origin": [5, 0, 5]},
			"faces": {
				"north": {"uv": [0, 6, 3, 7], "texture": "#2"},
				"east": {"uv": [0, 6, 3, 7], "texture": "#2"},
				"south": {"uv": [0, 6, 3, 7], "texture": "#2"},
				"west": {"uv": [0, 6, 3, 7], "texture": "#2"},
				"up": {"uv": [3, 6, 0, 3], "texture": "#2"},
				"down": {"uv": [6, 0, 3, 3], "texture": "#2"}
			}
		},
		{
			"name": "egg",
			"from": [5, 5, 5],
			"to": [11, 7, 11],
			"rotation": {"angle": 0, "axis": "y", "origin": [5, 0, 5]},
			"faces": {
				"north": {"uv": [6, 0, 9, 1], "texture": "#2"},
				"east": {"uv": [9, 0, 12, 1], "texture": "#2"},
				"south": {"uv": [9, 0, 12, 1], "texture": "#2"},
				"west": {"uv": [9, 0, 12, 1], "texture": "#2"},
				"up": {"uv": [0, 3, 3, 6], "texture": "#2"},
				"down": {"uv": [3, 0, 6, 3], "texture": "#2"}
			}
		},
		{
			"from": [4.807, 1.46134, 4.807],
			"to": [11.193, 5.58134, 11.193],
			"rotation": {"angle": 0, "axis": "y", "origin": [4.91, 3.00634, 4.91]},
			"faces": {
				"north": {"uv": [3, 3, 6, 5], "texture": "#2"},
				"east": {"uv": [3, 3, 6, 5], "texture": "#2"},
				"south": {"uv": [3, 3, 6, 5], "texture": "#2"},
				"west": {"uv": [3, 3, 6, 5], "texture": "#2"},
				"up": {"uv": [3, 3, 0, 0], "texture": "#2"},
				"down": {"uv": [3, 0, 0, 3], "texture": "#2"}
			}
		},
		{
			"from": [3.1, 4.6, 3.1],
			"to": [12.9, 4.6, 12.9],
			"rotation": {"angle": 0, "axis": "y", "origin": [4, 2.6, 4]},
			"faces": {
				"north": {"uv": [0, 0, 5, 0], "texture": "#2"},
				"east": {"uv": [0, 0, 5, 0], "texture": "#2"},
				"south": {"uv": [0, 0, 5, 0], "texture": "#2"},
				"west": {"uv": [0, 0, 5, 0], "texture": "#2"},
				"up": {"uv": [6, 1, 11.5, 6.5], "texture": "#2"},
				"down": {"uv": [6, 1, 11.5, 6.5], "texture": "#2"}
			}
		},
		{
			"from": [3.1, 2.6, 3.1],
			"to": [12.9, 2.6, 12.9],
			"rotation": {"angle": 0, "axis": "y", "origin": [4, 0.6, 4]},
			"faces": {
				"north": {"uv": [0, 0, 5, 0], "texture": "#2"},
				"east": {"uv": [0, 0, 5, 0], "texture": "#2"},
				"south": {"uv": [0, 0, 5, 0], "texture": "#2"},
				"west": {"uv": [0, 0, 5, 0], "texture": "#2"},
				"up": {"uv": [6, 1, 11.5, 6.5], "texture": "#2"},
				"down": {"uv": [6, 1, 11.5, 6.5], "texture": "#2"}
			}
		},
		{
			"name": "cube_outline",
			"from": [11.193, 5.58134, 11.193],
			"to": [4.807, 1.46134, 4.807],
			"rotation": {"angle": 0, "axis": "y", "origin": [4.91, 3.00634, 4.91]},
			"faces": {
				"north": {"uv": [3, 3, 6, 5], "rotation": 180, "texture": "#2"},
				"east": {"uv": [3, 3, 6, 5], "rotation": 180, "texture": "#2"},
				"south": {"uv": [3, 3, 6, 5], "rotation": 180, "texture": "#2"},
				"west": {"uv": [3, 3, 6, 5], "rotation": 180, "texture": "#2"},
				"up": {"uv": [3, 0, 0, 3], "rotation": 180, "texture": "#2"},
				"down": {"uv": [3, 3, 0, 0], "rotation": 180, "texture": "#2"}
			}
		}
	],
	"display": {
		"thirdperson_righthand": {
			"rotation": [0, 90, 0],
			"translation": [0, 4.95, 1.5],
			"scale": [0.62, 0.62, 0.62]
		},
		"thirdperson_lefthand": {
			"rotation": [0, 90, 0],
			"translation": [0, 4.95, 1.5],
			"scale": [0.62, 0.62, 0.62]
		},
		"firstperson_righthand": {
			"rotation": [0.73, 114, -0.13],
			"translation": [-3.5, 6.75, 5],
			"scale": [0.31, 0.35, 0.31]
		},
		"firstperson_lefthand": {
			"rotation": [0.73, 114, -0.13],
			"translation": [-3.5, 6.75, 5],
			"scale": [0.31, 0.35, 0.31]
		}
	}
}