{
	"format_version": "1.21.6",
	"credit": "Made with Blockbench",
	"texture_size": [64, 64],
	"textures": {
		"0": "item/sniffer_egg_hand",
		"particle": "item/sniffer_egg_hand"
	},
	"elements": [
		{
			"from": [1, 0, 2],
			"to": [15, 16, 14],
			"faces": {
				"north": {"uv": [6.5, 0, 9.75, 4], "texture": "#0"},
				"east": {"uv": [3.25, 0, 6.5, 4], "texture": "#0"},
				"south": {"uv": [0, 0, 3.25, 4], "texture": "#0"},
				"west": {"uv": [9.75, 0, 13, 4], "texture": "#0"},
				"up": {"uv": [3.5, 4, 7, 7], "texture": "#0", "cullface": "up"},
				"down": {"uv": [0, 4, 3.5, 7], "texture": "#0", "cullface": "down"}
			}
		}
	],
	"display": {
		"thirdperson_righthand": {
			"rotation": [67, -90, 0],
			"translation": [0.25, 2, 1],
			"scale": [0.44, 0.44, 0.44]
		},
		"thirdperson_lefthand": {
			"rotation": [67, -90, 0],
			"translation": [0.25, 2, 1],
			"scale": [0.44, 0.44, 0.44]
		},
		"firstperson_righthand": {
			"rotation": [0.73, 114, -0.13],
			"translation": [-3.5, 3, 5],
			"scale": [0.31, 0.34, 0.31]
		},
		"firstperson_lefthand": {
			"rotation": [0.73, 114, -0.13],
			"translation": [-3.5, 3, 5],
			"scale": [0.31, 0.34, 0.31]
		}
	}
}