{
	"format_version": "1.21.6",
	"credit": "Made with Blockbench",
	"texture_size": [32, 32],
	"textures": {
		"0": "item/snow_golem_spawn_egg_hand",
		"particle": "item/snow_golem_spawn_egg_hand"
	},
	"elements": [
		{
			"name": "egg",
			"from": [5, 0, 5],
			"to": [11, 8, 11],
			"rotation": {"angle": 0, "axis": "y", "origin": [5, 0, 5]},
			"faces": {
				"north": {"uv": [0, 0, 3, 4], "texture": "#0"},
				"east": {"uv": [3, 0, 6, 4], "texture": "#0"},
				"south": {"uv": [0, 4, 3, 8], "texture": "#0"},
				"west": {"uv": [6, 0, 3, 4], "texture": "#0"},
				"up": {"uv": [9, 6, 6, 3], "texture": "#0"},
				"down": {"uv": [9, 6, 6, 9], "texture": "#0"}
			}
		},
		{
			"from": [4.85, 5.2, 4.85],
			"to": [11.15, 9.4, 11.15],
			"rotation": {"angle": 0, "axis": "y", "origin": [4.85, 7.3, 4.85]},
			"faces": {
				"north": {"uv": [3, 7, 6, 9], "texture": "#0"},
				"east": {"uv": [3, 7, 6, 9], "texture": "#0"},
				"south": {"uv": [3, 7, 6, 9], "texture": "#0"},
				"west": {"uv": [3, 7, 6, 9], "texture": "#0"},
				"up": {"uv": [6, 7, 3, 4], "texture": "#0"},
				"down": {"uv": [6, 4, 3, 7], "texture": "#0"}
			}
		},
		{
			"from": [4.32976, 0.70509, 6.5],
			"to": [5.32976, 4.70509, 7.5],
			"rotation": {"angle": -42.5, "axis": "z", "origin": [5.1, 3.5, 7]},
			"faces": {
				"north": {"uv": [0, 8, 0.5, 10], "texture": "#0"},
				"east": {"uv": [0, 8, 0.5, 10], "texture": "#0"},
				"south": {"uv": [0, 8, 0.5, 10], "texture": "#0"},
				"west": {"uv": [0, 8, 0.5, 10], "texture": "#0"},
				"up": {"uv": [1, 8.5, 0.5, 8], "texture": "#0"},
				"down": {"uv": [1.5, 8, 1, 8.5], "texture": "#0"}
			}
		},
		{
			"from": [10.67024, 0.70509, 6.5],
			"to": [11.67024, 4.70509, 7.5],
			"rotation": {"angle": 42.5, "axis": "z", "origin": [10.9, 3.5, 7]},
			"faces": {
				"north": {"uv": [0.5, 8, 0, 10], "texture": "#0"},
				"east": {"uv": [0.5, 8, 0, 10], "texture": "#0"},
				"south": {"uv": [0.5, 8, 0, 10], "texture": "#0"},
				"west": {"uv": [0.5, 8, 0, 10], "texture": "#0"},
				"up": {"uv": [0.5, 8.5, 1, 8], "texture": "#0"},
				"down": {"uv": [1, 8, 1.5, 8.5], "texture": "#0"}
			}
		}
	],
	"display": {
		"thirdperson_righthand": {
			"rotation": [0, 90, 0],
			"translation": [0, 4.95, 1.5],
			"scale": [0.62, 0.62, 0.62]
		},
		"thirdperson_lefthand": {
			"rotation": [0, 90, 0],
			"translation": [0, 4.95, 1.5],
			"scale": [0.62, 0.62, 0.62]
		},
		"firstperson_righthand": {
			"rotation": [0.73, 114, -0.13],
			"translation": [-3.5, 6.75, 5],
			"scale": [0.32, 0.35, 0.31]
		},
		"firstperson_lefthand": {
			"rotation": [0.73, 114, -0.13],
			"translation": [-3.5, 6.75, 5],
			"scale": [0.32, 0.35, 0.31]
		}
	}
}