{
	"format_version": "1.21.6",
	"credit": "Made with Blockbench",
	"textures": {
		"2": "item/stray_spawn_egg_hand"
	},
	"elements": [
		{
			"name": "egg",
			"from": [5, 0, 5],
			"to": [11, 7, 11],
			"rotation": {"angle": 0, "axis": "y", "origin": [5, 0, 5]},
			"faces": {
				"north": {"uv": [0, 0, 3, 3.5], "texture": "#2"},
				"east": {"uv": [6, 0, 3, 3.5], "texture": "#2"},
				"south": {"uv": [0, 3.5, 3, 7], "texture": "#2"},
				"west": {"uv": [3, 0, 6, 3.5], "texture": "#2"},
				"up": {"uv": [6, 6.5, 3, 3.5], "texture": "#2"},
				"down": {"uv": [9, 0, 6, 3], "texture": "#2"}
			}
		},
		{
			"from": [4.85, -0.175, 4.85],
			"to": [11.15, 7.175, 11.15],
			"rotation": {"angle": 0, "axis": "y", "origin": [4.85, -0.175, 4.85]},
			"faces": {
				"north": {"uv": [6, 3, 9, 6.5], "texture": "#2"},
				"east": {"uv": [12, 0, 9, 3.5], "texture": "#2"},
				"south": {"uv": [12, 0, 15, 3.5], "texture": "#2"},
				"west": {"uv": [9, 0, 12, 3.5], "texture": "#2"},
				"up": {"uv": [12, 3.5, 15, 6.5], "texture": "#2"},
				"down": {"uv": [9, 3.5, 12, 6.5], "texture": "#2"}
			}
		}
	],
	"display": {
		"thirdperson_righthand": {
			"rotation": [0, 90, 0],
			"translation": [0, 4.95, 1.5],
			"scale": [0.62, 0.62, 0.62]
		},
		"thirdperson_lefthand": {
			"rotation": [0, 90, 0],
			"translation": [0, 4.95, 1.5],
			"scale": [0.62, 0.62, 0.62]
		},
		"firstperson_righthand": {
			"rotation": [0.73, 114, -0.13],
			"translation": [-3.5, 6.75, 5],
			"scale": [0.31, 0.35, 0.31]
		},
		"firstperson_lefthand": {
			"rotation": [0.73, 114, -0.13],
			"translation": [-3.5, 6.75, 5],
			"scale": [0.31, 0.35, 0.31]
		}
	}
}