{
	"format_version": "1.21.6",
	"credit": "Made with Blockbench",
	"texture_size": [32, 32],
	"textures": {
		"1": "item/tadpole_spawn_egg_hand"
	},
	"elements": [
		{
			"name": "egg",
			"from": [5, 0, 5],
			"to": [11, 7, 11],
			"rotation": {"angle": 0, "axis": "y", "origin": [5, 0, 5]},
			"faces": {
				"north": {"uv": [0, 0, 3, 3.5], "texture": "#1"},
				"east": {"uv": [3, 0, 6, 3.5], "texture": "#1"},
				"south": {"uv": [3, 0, 6, 3.5], "texture": "#1"},
				"west": {"uv": [3, 0, 6, 3.5], "texture": "#1"},
				"up": {"uv": [3, 6.5, 0, 3.5], "texture": "#1"},
				"down": {"uv": [6, 3.5, 3, 6.5], "texture": "#1"}
			}
		},
		{
			"from": [6.6, 0, 11],
			"to": [6.6, 4, 12],
			"rotation": {"angle": 0, "axis": "y", "origin": [6.6, 0, 12]},
			"faces": {
				"north": {"uv": [0, 0, 0, 2], "texture": "#1"},
				"east": {"uv": [8, 0, 8.5, 2], "texture": "#1"},
				"south": {"uv": [0, 0, 0, 2], "texture": "#1"},
				"west": {"uv": [8.5, 0, 8, 2], "texture": "#1"},
				"up": {"uv": [0, 0, 0, 0.5], "texture": "#1"},
				"down": {"uv": [0, 2, 0, 2.5], "texture": "#1"}
			}
		},
		{
			"from": [6.6, 0, 12],
			"to": [6.6, 4, 14],
			"rotation": {"angle": -42.5, "axis": "y", "origin": [6.6, 2, 12]},
			"faces": {
				"north": {"uv": [0, 0, 0, 2], "texture": "#1"},
				"east": {"uv": [7, 0, 8, 2], "texture": "#1"},
				"south": {"uv": [0, 0, 0, 2], "texture": "#1"},
				"west": {"uv": [8, 0, 7, 2], "texture": "#1"},
				"up": {"uv": [0, 0.5, 0, 1.5], "texture": "#1"},
				"down": {"uv": [0, 1, 0, 2], "texture": "#1"}
			}
		},
		{
			"from": [3.27323, 0, 13.63683],
			"to": [5.27323, 4, 13.63683],
			"rotation": {"angle": 10, "axis": "y", "origin": [4.27323, 2, 13.63683]},
			"faces": {
				"north": {"uv": [7, 0, 6, 2], "texture": "#1"},
				"east": {"uv": [0, 0, 0, 2], "texture": "#1"},
				"south": {"uv": [6, 0, 7, 2], "texture": "#1"},
				"west": {"uv": [0, 0, 0, 2], "texture": "#1"},
				"up": {"uv": [0, 1.5, 0, 2.5], "rotation": 90, "texture": "#1"},
				"down": {"uv": [0, 0, 0, 1], "rotation": 270, "texture": "#1"}
			}
		}
	],
	"display": {
		"thirdperson_righthand": {
			"rotation": [0, 90, 0],
			"translation": [0, 4.95, 1.5],
			"scale": [0.62, 0.62, 0.62]
		},
		"thirdperson_lefthand": {
			"rotation": [0, 90, 0],
			"translation": [0, 4.95, 1.5],
			"scale": [0.62, 0.62, 0.62]
		},
		"firstperson_righthand": {
			"rotation": [0.73, 114, -0.13],
			"translation": [-3.75, 6.75, 5],
			"scale": [0.31, 0.35, 0.31]
		},
		"firstperson_lefthand": {
			"rotation": [0.73, 114, -0.13],
			"translation": [-3.5, 6.75, 5],
			"scale": [0.31, 0.35, 0.31]
		}
	},
	"groups": [
		0,
		{
			"name": "group",
			"origin": [1.8, 2.4, 4.9],
			"color": 0,
			"children": []
		},
		{
			"name": "group",
			"origin": [1.8, 2.4, 4.9],
			"color": 0,
			"children": []
		},
		{
			"name": "group",
			"origin": [6.6, 0, 12],
			"color": 0,
			"children": [1, 2, 3]
		}
	]
}