{
	"format_version": "1.21.6",
	"credit": "Made with Blockbench",
	"texture_size": [32, 32],
	"textures": {
		"2": "item/zombified_piglin_spawn_egg_hand",
		"particle": "item/zombified_piglin_spawn_egg_hand"
	},
	"elements": [
		{
			"name": "egg",
			"from": [5, 1, 5],
			"to": [11, 8, 11],
			"rotation": {"angle": 0, "axis": "y", "origin": [5, 1, 5]},
			"faces": {
				"north": {"uv": [0, 0, 3, 3.5], "texture": "#2"},
				"east": {"uv": [3, 0, 6, 3.5], "texture": "#2"},
				"south": {"uv": [3, 0, 6, 3.5], "texture": "#2"},
				"west": {"uv": [3, 0, 6, 3.5], "texture": "#2"},
				"up": {"uv": [3, 6.5, 0, 3.5], "texture": "#2"},
				"down": {"uv": [6, 3.5, 3, 6.5], "texture": "#2"}
			}
		},
		{
			"name": "egg",
			"from": [4.913, 0.8985, 4.913],
			"to": [11.087, 8.1015, 11.087],
			"rotation": {"angle": 0, "axis": "y", "origin": [4.913, 0.8985, 4.913]},
			"faces": {
				"north": {"uv": [0, 8, 3, 11.5], "texture": "#2"},
				"east": {"uv": [3, 8, 6, 11.5], "texture": "#2"},
				"south": {"uv": [9, 8, 12, 11.5], "texture": "#2"},
				"west": {"uv": [6, 8, 9, 11.5], "texture": "#2"},
				"up": {"uv": [3, 14.5, 0, 11.5], "texture": "#2"},
				"down": {"uv": [6, 11.5, 3, 14.5], "texture": "#2"}
			}
		},
		{
			"from": [6, 2, 4],
			"to": [10, 5, 5],
			"rotation": {"angle": 0, "axis": "y", "origin": [6, 2, 3]},
			"faces": {
				"north": {"uv": [2, 6.5, 4, 8], "texture": "#2"},
				"east": {"uv": [0, 6.5, 0.5, 8], "texture": "#2"},
				"south": {"uv": [2, 6.5, 4, 8], "texture": "#2"},
				"west": {"uv": [5.5, 6.5, 6, 8], "texture": "#2"},
				"up": {"uv": [6, 6.5, 8, 7], "texture": "#2"},
				"down": {"uv": [6, 6, 8, 6.5], "texture": "#2"}
			}
		},
		{
			"from": [5, 1, 4.025],
			"to": [7, 3, 5],
			"rotation": {"angle": 0, "axis": "y", "origin": [6, 1, 4]},
			"faces": {
				"north": {"uv": [0.5, 7, 1.5, 8], "texture": "#2"},
				"east": {"uv": [1, 7, 1.4875, 8], "texture": "#2"},
				"south": {"uv": [0.5, 7, 1.5, 8], "texture": "#2"},
				"west": {"uv": [1, 7, 1.4875, 8], "texture": "#2"},
				"up": {"uv": [0.5, 7, 1.5, 7.4875], "texture": "#2"},
				"down": {"uv": [0.5, 7.5, 1.5, 7.9875], "texture": "#2"}
			}
		},
		{
			"from": [9, 1, 4.025],
			"to": [11, 3, 5],
			"rotation": {"angle": 0, "axis": "y", "origin": [10, 1, 4]},
			"faces": {
				"north": {"uv": [0.5, 7, 1.5, 8], "texture": "#2"},
				"east": {"uv": [1, 7, 1.4875, 8], "texture": "#2"},
				"south": {"uv": [0.5, 7, 1.5, 8], "texture": "#2"},
				"west": {"uv": [1, 7, 1.4875, 8], "texture": "#2"},
				"up": {"uv": [0.5, 7, 1.5, 7.4875], "texture": "#2"},
				"down": {"uv": [0.5, 7.5, 1.5, 7.9875], "texture": "#2"}
			}
		},
		{
			"from": [4.075, 2.4, 6.5],
			"to": [5.075, 6, 9.5],
			"rotation": {"angle": -26, "axis": "z", "origin": [4.575, 4, 8]},
			"faces": {
				"north": {"uv": [6.5, 1.5, 6, 3.5], "texture": "#2"},
				"east": {"uv": [8, 0, 6.5, 2], "texture": "#2"},
				"south": {"uv": [6.5, 1.5, 6, 3.5], "texture": "#2"},
				"west": {"uv": [8, 0, 6.5, 2], "texture": "#2"},
				"up": {"uv": [6.5, 0, 6, 1.5], "texture": "#2"},
				"down": {"uv": [6.5, 0, 6, 1.5], "texture": "#2"}
			}
		},
		{
			"from": [5, -0.3, 5.4],
			"to": [11, 1, 10.6],
			"rotation": {"angle": 0, "axis": "y", "origin": [9, 0, 4]},
			"faces": {
				"north": {"uv": [8, 0, 11, 0.5], "texture": "#2"},
				"east": {"uv": [8, 0.5, 11, 1], "texture": "#2"},
				"south": {"uv": [8, 0, 11, 0.5], "texture": "#2"},
				"west": {"uv": [8, 0.5, 11, 1], "texture": "#2"},
				"up": {"uv": [11, 0, 14, 3], "texture": "#2"},
				"down": {"uv": [11, 0, 14, 3], "texture": "#2"}
			}
		},
		{
			"name": "cube_outline",
			"from": [11, 1, 10.6],
			"to": [5, -0.3, 5.4],
			"rotation": {"angle": 0, "axis": "y", "origin": [9, 0, 4]},
			"faces": {
				"north": {"uv": [8, 0, 11, 0.5], "rotation": 180, "texture": "#2"},
				"east": {"uv": [8, 0.5, 11, 1], "rotation": 180, "texture": "#2"},
				"south": {"uv": [8, 0, 11, 0.5], "rotation": 180, "texture": "#2"},
				"west": {"uv": [8, 0.5, 11, 1], "rotation": 180, "texture": "#2"},
				"up": {"uv": [11, 0, 14, 3], "rotation": 180, "texture": "#2"},
				"down": {"uv": [11, 0, 14, 3], "rotation": 180, "texture": "#2"}
			}
		},
		{
			"from": [4.9, 2, 6.5],
			"to": [4.9, 5, 9.5],
			"rotation": {"angle": 0, "axis": "y", "origin": [2.9, 2, 6.6]},
			"faces": {
				"north": {"uv": [0, 0, 0, 1.5], "texture": "#2"},
				"east": {"uv": [6, 4.5, 7.5, 6], "texture": "#2"},
				"south": {"uv": [0, 0, 0, 1.5], "texture": "#2"},
				"west": {"uv": [6, 4.5, 7.5, 6], "texture": "#2"},
				"up": {"uv": [0, 0, 0, 1.5], "texture": "#2"},
				"down": {"uv": [0, 0, 0, 1.5], "texture": "#2"}
			}
		}
	],
	"display": {
		"thirdperson_righthand": {
			"rotation": [0, 90, 0],
			"translation": [0, 4.95, 1.5],
			"scale": [0.62, 0.62, 0.62]
		},
		"thirdperson_lefthand": {
			"rotation": [0, 90, 0],
			"translation": [0, 4.95, 1.5],
			"scale": [0.62, 0.62, 0.62]
		},
		"firstperson_righthand": {
			"rotation": [0.73, 114, -0.13],
			"translation": [-3.5, 6.75, 5],
			"scale": [0.32, 0.35, 0.31]
		},
		"firstperson_lefthand": {
			"rotation": [0.73, 114, -0.13],
			"translation": [-3.5, 6.75, 5],
			"scale": [0.32, 0.35, 0.31]
		}
	}
}