{
  "model": {
    "type": "minecraft:condition",
    "property": "minecraft:has_component",
    "component": "minecraft:enchantments",
    "ignore_default": true,
    "on_true": {
      "type": "minecraft:select",
      "property": "minecraft:display_context",
      "cases": [
        {
          "when": [
            "firstperson_lefthand",
            "firstperson_righthand"
          ],
          "model": {
            "type": "minecraft:model",
            "model": "farmersdelight:item/fp/e_diamond_knife"
          }
        },
        {
          "when": [
            "gui"
          ],
          "model": {
            "type": "minecraft:model",
            "model": "farmersdelight:item/diamond_knife"
          }
        }
      ],
      "fallback": {
        "type": "minecraft:model",
        "model": "farmersdelight:item/tp/e_diamond_knife"
      }
    },
    "on_false": {
      "type": "minecraft:model",
      "model": "farmersdelight:item/diamond_knife"
    }
  }
}