{
	"format_version": "1.21.6",
	"credit": "Made with Blockbench",
	"texture_size": [64, 64],
	"textures": {
		"0": "item/outline/shield_enchantment_outline",
		"1": "item/misc/shield_basis_banner",
		"particle": "item/outline/shield_enchantment_outline"
	},
	"elements": [
		{
			"name": "Cube",
			"from": [1.8, -0.2, 12.2],
			"to": [14.2, 22.2, 10.8],
			"light_emission": 15,
			"rotation": {"angle": 0, "axis": "y", "origin": [-0.1, -0.1, 1.2]},
			"faces": {
				"north": {"uv": [3.5, 0.25, 6.5, 5.75], "texture": "#0"},
				"east": {"uv": [3.25, 0.5, 3.5, 5.75], "texture": "#0"},
				"south": {"uv": [0.25, 0.25, 3.25, 5.75], "texture": "#0"},
				"west": {"uv": [0, 0.25, 0.25, 5.75], "texture": "#0"},
				"up": {"uv": [0.25, 0, 3, 0.25], "texture": "#0"},
				"down": {"uv": [3.25, 0, 6.25, 0.25], "texture": "#0"}
			}
		},
		{
			"name": "Cube",
			"from": [9.2, 7.8, 4.8],
			"to": [6.8, 14.2, 11.2],
			"light_emission": 15,
			"rotation": {"angle": 0, "axis": "y", "origin": [2.2, -0.1, -0.1]},
			"faces": {
				"north": {"uv": [10, 1.5, 10.5, 3], "texture": "#0"},
				"east": {"uv": [8.5, 1.5, 10, 3], "texture": "#0"},
				"south": {"uv": [8, 1.5, 8.5, 3], "texture": "#0"},
				"west": {"uv": [6.5, 1.5, 8, 3], "texture": "#0"},
				"up": {"uv": [8, 0, 8.5, 1.5], "texture": "#0"},
				"down": {"uv": [8.5, 0, 9, 1.5], "texture": "#0"}
			}
		},
		{
			"name": "plate",
			"from": [2, 0, 10.975],
			"to": [14.02, 22.02, 11.995],
			"rotation": {"angle": 0, "axis": "y", "origin": [8, 11, 9.725]},
			"faces": {
				"north": {"uv": [3.5, 0.25, 6.5, 5.75], "texture": "#1"},
				"east": {"uv": [3.25, 0.25, 3.5, 5.75], "texture": "#1"},
				"south": {"uv": [0.25, 0.25, 3.25, 5.75], "texture": "#1"},
				"west": {"uv": [0, 0.25, 0.25, 5.75], "texture": "#1"},
				"up": {"uv": [3.25, 0.25, 0.25, 0], "rotation": 180, "texture": "#1"},
				"down": {"uv": [6.25, 0, 3.25, 0.25], "rotation": 180, "texture": "#1"}
			}
		},
		{
			"name": "handle",
			"from": [7, 8, 4.975],
			"to": [9.02, 14.02, 10.995],
			"rotation": {"angle": 0, "axis": "y", "origin": [8, 11, 9.725]},
			"faces": {
				"north": {"uv": [10, 1.5, 10.5, 3], "texture": "#1"},
				"east": {"uv": [8.5, 1.5, 10, 3], "texture": "#1"},
				"south": {"uv": [8, 1.5, 8.5, 3], "texture": "#1"},
				"west": {"uv": [6.5, 1.5, 8, 3], "texture": "#1"},
				"up": {"uv": [8.5, 1.5, 8, 0], "rotation": 180, "texture": "#1"},
				"down": {"uv": [9, 0, 8.5, 1.5], "rotation": 180, "texture": "#1"}
			}
		}
	],
	"display": {
		"thirdperson_righthand": {
			"rotation": [45, 155, 0],
			"translation": [-0.5, -5.55, -1]
		},
		"thirdperson_lefthand": {
			"rotation": [45, 155, 0],
			"translation": [0, -4.8, -1.25]
		},
		"firstperson_righthand": {
			"rotation": [0, -180, -5],
			"translation": [-3.85, -7.75, 1.5],
			"scale": [1.25, 1.25, 1.25]
		},
		"firstperson_lefthand": {
			"rotation": [0, -180, -5],
			"translation": [-3.85, -9.5, 1.5],
			"scale": [1.25, 1.25, 1.25]
		},
		"ground": {
			"translation": [0, 4, 0],
			"scale": [0.25, 0.25, 0.25]
		},
		"gui": {
			"rotation": [15, -25, -5],
			"translation": [-0.75, -1.25, -10],
			"scale": [0.7, 0.7, 0.7]
		},
		"fixed": {
			"rotation": [0, -180, 0],
			"scale": [0.5, 0.5, 0.5]
		}
	},
	"groups": [
		0,
		1,
		{
			"name": "plate",
			"origin": [0, 11, -1],
			"color": 0,
			"children": [2]
		},
		{
			"name": "handle",
			"origin": [0, 11, -1],
			"color": 0,
			"children": [3]
		}
	]
}