{
	"format_version": "1.21.6",
	"credit": "Made with Blockbench",
	"texture_size": [32, 32],
	"textures": {
		"0": "item/outline/trident_outline",
		"1": "item/misc/trident_hand",
		"particle": "item/outline/trident_outline"
	},
	"elements": [
		{
			"name": "body",
			"from": [7.5, -15.9, 7.5],
			"to": [8.5, 9.1, 8.5],
			"rotation": {"angle": 0, "axis": "y", "origin": [8, -15.9, 8]},
			"faces": {
				"north": {"uv": [0.5, 3.5, 1, 16], "texture": "#1"},
				"east": {"uv": [0, 3.5, 0.5, 16], "texture": "#1"},
				"south": {"uv": [1.5, 3.5, 2, 16], "texture": "#1"},
				"west": {"uv": [1, 3.5, 1.5, 16], "texture": "#1"},
				"up": {"uv": [1, 3.5, 0.5, 3], "texture": "#1"},
				"down": {"uv": [1.5, 3, 1, 3.5], "texture": "#1"}
			}
		},
		{
			"name": "base",
			"from": [6.5, 9.1, 7.5],
			"to": [9.5, 11.1, 8.5],
			"rotation": {"angle": 0, "axis": "y", "origin": [8, -15.9, 8]},
			"faces": {
				"north": {"uv": [2.5, 0.5, 4, 1.5], "texture": "#1"},
				"east": {"uv": [2, 0.5, 2.5, 1.5], "texture": "#1"},
				"south": {"uv": [4.5, 0.5, 6, 1.5], "texture": "#1"},
				"west": {"uv": [4, 0.5, 4.5, 1.5], "texture": "#1"},
				"up": {"uv": [4, 0.5, 2.5, 0], "texture": "#1"},
				"down": {"uv": [5.5, 0, 4, 0.5], "texture": "#1"}
			}
		},
		{
			"name": "left_spike",
			"from": [9.5, 10.1, 7.5],
			"to": [10.5, 14.1, 8.5],
			"rotation": {"angle": 0, "axis": "y", "origin": [8, -15.9, 8]},
			"faces": {
				"north": {"uv": [2.5, 2, 3, 4], "texture": "#1"},
				"east": {"uv": [2, 2, 2.5, 4], "texture": "#1"},
				"south": {"uv": [3.5, 2, 4, 4], "texture": "#1"},
				"west": {"uv": [3, 2, 3.5, 4], "texture": "#1"},
				"up": {"uv": [3, 2, 2.5, 1.5], "texture": "#1"},
				"down": {"uv": [3.5, 1.5, 3, 2], "texture": "#1"}
			}
		},
		{
			"name": "middle_spike",
			"from": [7.5, 11.1, 7.5],
			"to": [8.5, 15.1, 8.5],
			"rotation": {"angle": 0, "axis": "y", "origin": [8, -15.9, 8]},
			"faces": {
				"north": {"uv": [0.5, 0.5, 1, 2.5], "texture": "#1"},
				"east": {"uv": [0, 0.5, 0.5, 2.5], "texture": "#1"},
				"south": {"uv": [1.5, 0.5, 2, 2.5], "texture": "#1"},
				"west": {"uv": [1, 0.5, 1.5, 2.5], "texture": "#1"},
				"up": {"uv": [1, 0.5, 0.5, 0], "texture": "#1"},
				"down": {"uv": [1.5, 0, 1, 0.5], "texture": "#1"}
			}
		},
		{
			"name": "right_spike",
			"from": [5.5, 10.1, 7.5],
			"to": [6.5, 14.1, 8.5],
			"rotation": {"angle": 0, "axis": "y", "origin": [8, -15.9, 8]},
			"faces": {
				"north": {"uv": [3, 2, 2.5, 4], "texture": "#1"},
				"east": {"uv": [3.5, 2, 3, 4], "texture": "#1"},
				"south": {"uv": [4, 2, 3.5, 4], "texture": "#1"},
				"west": {"uv": [2.5, 2, 2, 4], "texture": "#1"},
				"up": {"uv": [2.5, 2, 3, 1.5], "texture": "#1"},
				"down": {"uv": [3, 1.5, 3.5, 2], "texture": "#1"}
			}
		},
		{
			"from": [6.3, 8.9, 8.7],
			"to": [7.5, 10.1, 7.3],
			"light_emission": 15,
			"rotation": {"angle": 0, "axis": "y", "origin": [5.4, 9, 9.9]},
			"faces": {
				"north": {"uv": [4.5, 0, 5, 0.5], "texture": "#0"},
				"east": {"uv": [4.5, 0.5, 5, 1], "texture": "#0"},
				"south": {"uv": [4.5, 1, 5, 1.5], "texture": "#0"},
				"west": {"uv": [4.5, 1.5, 5, 2], "texture": "#0"},
				"up": {"uv": [5, 2.5, 4.5, 2], "texture": "#0"},
				"down": {"uv": [5, 2.5, 4.5, 3], "texture": "#0"}
			}
		},
		{
			"from": [6.5, 9.9, 8.7],
			"to": [7.5, 11.3, 7.3],
			"light_emission": 15,
			"rotation": {"angle": 0, "axis": "y", "origin": [5.4, 9, 9.9]},
			"faces": {
				"north": {"uv": [3, 4.5, 3.5, 5], "texture": "#0"},
				"east": {"uv": [4.5, 3, 5, 3.5], "texture": "#0"},
				"south": {"uv": [3.5, 4.5, 4, 5], "texture": "#0"},
				"west": {"uv": [4.5, 3.5, 5, 4], "texture": "#0"},
				"up": {"uv": [5, 4.5, 4.5, 4], "texture": "#0"},
				"down": {"uv": [5, 4.5, 4.5, 5], "texture": "#0"}
			}
		},
		{
			"from": [5.3, 9.9, 8.7],
			"to": [6.5, 11.3, 7.3],
			"light_emission": 15,
			"rotation": {"angle": 0, "axis": "y", "origin": [4.4, 10, 9.9]},
			"faces": {
				"north": {"uv": [5, 0, 5.5, 0.5], "texture": "#0"},
				"east": {"uv": [5, 0.5, 5.5, 1], "texture": "#0"},
				"south": {"uv": [5, 1, 5.5, 1.5], "texture": "#0"},
				"west": {"uv": [5, 1.5, 5.5, 2], "texture": "#0"},
				"up": {"uv": [2.5, 5.5, 2, 5], "texture": "#0"},
				"down": {"uv": [5.5, 2, 5, 2.5], "texture": "#0"}
			}
		},
		{
			"from": [5.3, 11.1, 8.7],
			"to": [6.7, 14.3, 7.3],
			"light_emission": 15,
			"rotation": {"angle": 0, "axis": "y", "origin": [4.4, 10, 9.9]},
			"faces": {
				"north": {"uv": [3, 0, 3.5, 1.5], "texture": "#0"},
				"east": {"uv": [3, 1.5, 3.5, 3], "texture": "#0"},
				"south": {"uv": [3, 3, 3.5, 4.5], "texture": "#0"},
				"west": {"uv": [3.5, 0, 4, 1.5], "texture": "#0"},
				"up": {"uv": [3, 5.5, 2.5, 5], "texture": "#0"},
				"down": {"uv": [5.5, 2.5, 5, 3], "texture": "#0"}
			}
		},
		{
			"from": [9.5, 9.9, 8.7],
			"to": [10.7, 11.3, 7.3],
			"light_emission": 15,
			"rotation": {"angle": 0, "axis": "y", "origin": [8.4, 10, 9.9]},
			"faces": {
				"north": {"uv": [3, 5, 3.5, 5.5], "texture": "#0"},
				"east": {"uv": [5, 3, 5.5, 3.5], "texture": "#0"},
				"south": {"uv": [3.5, 5, 4, 5.5], "texture": "#0"},
				"west": {"uv": [5, 3.5, 5.5, 4], "texture": "#0"},
				"up": {"uv": [4.5, 5.5, 4, 5], "texture": "#0"},
				"down": {"uv": [5.5, 4, 5, 4.5], "texture": "#0"}
			}
		},
		{
			"from": [9.3, 11.1, 8.7],
			"to": [10.7, 14.3, 7.3],
			"light_emission": 15,
			"rotation": {"angle": 0, "axis": "y", "origin": [8.4, 10, 9.9]},
			"faces": {
				"north": {"uv": [3.5, 1.5, 4, 3], "texture": "#0"},
				"east": {"uv": [3.5, 3, 4, 4.5], "texture": "#0"},
				"south": {"uv": [4, 0, 4.5, 1.5], "texture": "#0"},
				"west": {"uv": [4, 1.5, 4.5, 3], "texture": "#0"},
				"up": {"uv": [5, 5.5, 4.5, 5], "texture": "#0"},
				"down": {"uv": [5.5, 4.5, 5, 5], "texture": "#0"}
			}
		},
		{
			"from": [8.5, 8.9, 8.7],
			"to": [9.7, 10.1, 7.3],
			"light_emission": 15,
			"rotation": {"angle": 0, "axis": "y", "origin": [7.4, 9, 9.9]},
			"faces": {
				"north": {"uv": [5, 5, 5.5, 5.5], "texture": "#0"},
				"east": {"uv": [5.5, 0, 6, 0.5], "texture": "#0"},
				"south": {"uv": [5.5, 0.5, 6, 1], "texture": "#0"},
				"west": {"uv": [5.5, 1, 6, 1.5], "texture": "#0"},
				"up": {"uv": [6, 2, 5.5, 1.5], "texture": "#0"},
				"down": {"uv": [2.5, 5.5, 2, 6], "texture": "#0"}
			}
		},
		{
			"from": [8.5, 9.9, 8.7],
			"to": [9.5, 11.3, 7.3],
			"light_emission": 15,
			"rotation": {"angle": 0, "axis": "y", "origin": [7.4, 9, 9.9]},
			"faces": {
				"north": {"uv": [5.5, 2, 6, 2.5], "texture": "#0"},
				"east": {"uv": [2.5, 5.5, 3, 6], "texture": "#0"},
				"south": {"uv": [5.5, 2.5, 6, 3], "texture": "#0"},
				"west": {"uv": [3, 5.5, 3.5, 6], "texture": "#0"},
				"up": {"uv": [6, 3.5, 5.5, 3], "texture": "#0"},
				"down": {"uv": [4, 5.5, 3.5, 6], "texture": "#0"}
			}
		},
		{
			"from": [7.3, -16, 8.7],
			"to": [8.7, 9.1, 7.3],
			"light_emission": 15,
			"rotation": {"angle": 0, "axis": "y", "origin": [7.4, -16, 9.9]},
			"faces": {
				"north": {"uv": [0, 0, 0.5, 12.5], "texture": "#0"},
				"east": {"uv": [0.5, 0, 1, 12.5], "texture": "#0"},
				"south": {"uv": [1, 0, 1.5, 12.5], "texture": "#0"},
				"west": {"uv": [1.5, 0, 2, 12.5], "texture": "#0"},
				"up": {"uv": [6, 4, 5.5, 3.5], "texture": "#0"},
				"down": {"uv": [4.5, 5.5, 4, 6], "texture": "#0"}
			}
		},
		{
			"from": [7.3, 8.9, 8.7],
			"to": [8.7, 11.3, 7.3],
			"light_emission": 15,
			"rotation": {"angle": 0, "axis": "y", "origin": [7.4, -16, 9.9]},
			"faces": {
				"north": {"uv": [2, 4, 2.5, 5], "texture": "#0"},
				"east": {"uv": [2.5, 4, 3, 5], "texture": "#0"},
				"south": {"uv": [4, 3, 4.5, 4], "texture": "#0"},
				"west": {"uv": [4, 4, 4.5, 5], "texture": "#0"},
				"up": {"uv": [6, 4.5, 5.5, 4], "texture": "#0"},
				"down": {"uv": [5, 5.5, 4.5, 6], "texture": "#0"}
			}
		},
		{
			"from": [9.3, 9.9, 8.7],
			"to": [9.7, 11.3, 7.3],
			"light_emission": 15,
			"rotation": {"angle": 0, "axis": "y", "origin": [8.4, -16, 9.9]},
			"faces": {
				"north": {"uv": [5.5, 4.5, 6, 5], "texture": "#0"},
				"east": {"uv": [5, 5.5, 5.5, 6], "texture": "#0"},
				"south": {"uv": [5.5, 5, 6, 5.5], "texture": "#0"},
				"west": {"uv": [5.5, 5.5, 6, 6], "texture": "#0"},
				"up": {"uv": [6.5, 0.5, 6, 0], "texture": "#0"},
				"down": {"uv": [6.5, 0.5, 6, 1], "texture": "#0"}
			}
		},
		{
			"from": [6.3, 9.9, 8.7],
			"to": [6.7, 11.3, 7.3],
			"light_emission": 15,
			"rotation": {"angle": 0, "axis": "y", "origin": [5.4, -16, 9.9]},
			"faces": {
				"north": {"uv": [6, 1, 6.5, 1.5], "texture": "#0"},
				"east": {"uv": [6, 1.5, 6.5, 2], "texture": "#0"},
				"south": {"uv": [2, 6, 2.5, 6.5], "texture": "#0"},
				"west": {"uv": [6, 2, 6.5, 2.5], "texture": "#0"},
				"up": {"uv": [3, 6.5, 2.5, 6], "texture": "#0"},
				"down": {"uv": [6.5, 2.5, 6, 3], "texture": "#0"}
			}
		},
		{
			"from": [7.3, 11.1, 8.7],
			"to": [8.7, 15.3, 7.3],
			"light_emission": 15,
			"rotation": {"angle": 0, "axis": "y", "origin": [7.4, -16, 9.9]},
			"faces": {
				"north": {"uv": [2, 0, 2.5, 2], "texture": "#0"},
				"east": {"uv": [2, 2, 2.5, 4], "texture": "#0"},
				"south": {"uv": [2.5, 0, 3, 2], "texture": "#0"},
				"west": {"uv": [2.5, 2, 3, 4], "texture": "#0"},
				"up": {"uv": [3.5, 6.5, 3, 6], "texture": "#0"},
				"down": {"uv": [6.5, 3, 6, 3.5], "texture": "#0"}
			}
		}
	],
	"gui_light": "front",
	"display": {
		"thirdperson_righthand": {
			"rotation": [0, 60, 0],
			"translation": [0.0718, 6, 0.9282]
		},
		"thirdperson_lefthand": {
			"rotation": [0, 60, 0],
			"translation": [0.0718, 6, 1.0718]
		},
		"firstperson_righthand": {
			"rotation": [0, -90, 25],
			"translation": [5, 3.64965, -1.60164]
		},
		"firstperson_lefthand": {
			"rotation": [0, 90, -25],
			"translation": [5, 3.64965, -1.60164]
		},
		"ground": {
			"translation": [4, 4, 2],
			"scale": [0.25, 0.25, 0.25]
		},
		"gui": {
			"rotation": [15, -25, -5],
			"translation": [2, 3, 0],
			"scale": [0.65, 0.65, 0.65]
		},
		"fixed": {
			"rotation": [0, -180, 0],
			"translation": [-2, 4, -5],
			"scale": [0.5, 0.5, 0.5]
		}
	},
	"groups": [
		{
			"name": "body",
			"origin": [0, 27, 0],
			"color": 0,
			"children": [0]
		},
		{
			"name": "base",
			"origin": [0, 27, 0],
			"color": 0,
			"children": [1]
		},
		{
			"name": "left_spike",
			"origin": [0, 27, 0],
			"color": 0,
			"children": [2]
		},
		{
			"name": "middle_spike",
			"origin": [0, 27, 0],
			"color": 0,
			"children": [3]
		},
		{
			"name": "right_spike",
			"origin": [0, 27, 0],
			"color": 0,
			"children": [4]
		},
		{
			"name": "group",
			"origin": [5.5, 9, 9.8],
			"color": 0,
			"children": [5, 6, 7, 8, 9, 10, 11, 12, 13, 14, 15, 16, 17]
		}
	]
}