{
	"model": {
		"type": "minecraft:select",
		"property": "minecraft:display_context",
		"cases": [
			{
				"when": "gui",
				"model": {
					"type": "minecraft:model",
					"model": "minecraft:item/nether_star"
				}
			},
			{
				"when": [
					"firstperson_lefthand",
					"firstperson_righthand"
				],
				"model": {
					"type": "minecraft:model",
					"model": "item/firstperson/e_nether_star"
				}
			}
		],
		"fallback": {
			"type": "minecraft:model",
			"model": "item/thirdperson/e_nether_star"
		}
	}
}